Date,Snow Water Equivalent (mm) Start of Day Values,Precipitation Accumulation (mm) Start of Day Values,Air Temperature Maximum (degC),Air Temperature Minimum (degC),Air Temperature Average (degC),Precipitation Increment (mm)
9/18/1990,,,17.1,17.1,,
9/19/1990,0,,16.9,6.7,10.4,
9/20/1990,0,,19.4,5.1,11.2,
9/21/1990,0,,20.3,5.6,10.6,
9/22/1990,0,,26,6.9,13.7,
9/23/1990,0,,27.2,11.1,15.9,
9/24/1990,0,,26.8,9.9,15.3,
9/25/1990,0,,25.8,10.9,15.5,
9/26/1990,0,,23.9,9.6,14.3,
9/27/1990,0,,23.1,8.1,12.5,
9/28/1990,0,,22.8,7.1,12.1,
9/29/1990,0,,22.2,9.1,13.1,
9/30/1990,0,0,0,0,0,0
10/1/1990,0,0,18.5,4.2,8.8,3
10/2/1990,0,3,5.7,0.6,3,3
10/3/1990,0,5,8.4,0,3.1,30
10/4/1990,0,36,13.8,8.3,10.4,8
10/5/1990,0,43,8.4,-2.6,2.6,8
10/6/1990,0,51,6.8,-3,-0.7,3
10/7/1990,0,53,6.1,-3.8,-0.6,0
10/8/1990,0,53,10.2,-3.3,1.2,0
10/9/1990,0,53,13.3,0.3,6.2,0
10/10/1990,0,53,8,-2.7,2.8,0
10/11/1990,0,53,7.5,-4.2,1.4,0
10/12/1990,0,53,5.8,0.9,3.5,5
10/13/1990,0,58,4.9,-0.4,1.7,5
10/14/1990,0,64,0.3,-1.3,-0.2,15
10/15/1990,0,79,5.4,-0.1,2.3,36
10/16/1990,0,114,3.7,-2.5,0.1,5
10/17/1990,0,119,5.1,-3.1,1.4,0
10/18/1990,0,119,5.4,-0.1,2.1,18
10/19/1990,0,137,0.4,-2.3,-0.5,0
10/20/1990,0,137,5.2,-2.6,-0.7,0
10/21/1990,0,137,3.2,-0.3,1.3,48
10/22/1990,0,185,2.4,-1.8,0,0
10/23/1990,0,185,6.1,-1.2,0.6,0
10/24/1990,0,185,12.2,0,4.9,0
10/25/1990,0,185,15.3,4.6,8.8,3
10/26/1990,0,188,8,-1.2,3.1,3
10/27/1990,0,190,17.3,0.1,7.5,0
10/28/1990,0,190,8.6,-0.7,3.1,5
10/29/1990,0,196,9.5,0.5,3.1,0
10/30/1990,0,196,7.1,2.9,5.1,28
10/31/1990,0,224,5.4,-0.5,2.2,20
11/1/1990,0,244,-0.1,-4.7,-2.1,8
11/2/1990,0,251,2.7,-5.9,-3.5,0
11/3/1990,0,251,-0.1,-6,-2.8,5
11/4/1990,5,257,2.4,-0.4,0.5,15
11/5/1990,15,272,0.1,-4.6,-1.6,5
11/6/1990,15,277,-2.6,-6.7,-4.3,0
11/7/1990,15,277,0,-3.6,-2,20
11/8/1990,36,297,2.1,-0.5,0.4,8
11/9/1990,41,305,4.1,2.1,3.6,20
11/10/1990,20,325,7.1,1.1,3.6,3
11/11/1990,8,328,8.4,0.8,3.3,0
11/12/1990,8,328,14.5,1.8,6.3,0
11/13/1990,5,328,9.5,-0.1,5.8,15
11/14/1990,8,343,0.9,-3.9,-1.3,5
11/15/1990,10,348,0,-3.9,-2,3
11/16/1990,10,351,3.6,-4.6,-1.6,0
11/17/1990,13,351,2.8,-2.5,-0.1,8
11/18/1990,20,358,1.6,-0.5,0.1,3
11/19/1990,20,361,0.1,-3.2,-1.4,15
11/20/1990,28,376,-2.5,-4.8,-4,20
11/21/1990,48,396,-1.5,-4.2,-2.8,30
11/22/1990,76,427,2.3,-1.4,1,0
11/23/1990,76,427,5.2,2,3.4,0
11/24/1990,76,427,5.2,2.1,3.2,53
11/25/1990,61,480,4.6,-3.3,0.4,41
11/26/1990,66,521,-2.6,-7,-5.1,5
11/27/1990,66,526,-3.4,-7.4,-4.8,13
11/28/1990,76,538,-2.2,-6.9,-4,0
11/29/1990,76,538,0,-3,-1.5,25
11/30/1990,99,564,-3,-6.9,-5.4,5
12/1/1990,102,569,-4.5,-6.7,-5.8,18
12/2/1990,114,587,-3.9,-8.3,-6.1,3
12/3/1990,117,589,-0.5,-3.9,-2.2,0
12/4/1990,119,589,1.3,-3,-0.7,3
12/5/1990,119,592,-2,-4.4,-3.2,5
12/6/1990,119,597,-0.1,-6.5,-4.6,3
12/7/1990,119,599,0.5,-5.9,-4.4,0
12/8/1990,119,599,3.6,-3.9,0.7,0
12/9/1990,119,599,4.4,0.1,1.7,18
12/10/1990,127,617,2.6,-0.5,0.8,36
12/11/1990,142,653,-0.5,-4.6,-3.3,5
12/12/1990,142,658,-0.1,-7.7,-5.3,5
12/13/1990,142,663,-3.2,-7.6,-5.6,5
12/14/1990,142,668,-3.6,-8.9,-6.6,5
12/15/1990,142,673,-2.5,-8.8,-6.6,0
12/16/1990,142,673,-5.8,-6.5,-6.2,3
12/17/1990,142,676,0,-5.9,-2.8,20
12/18/1990,170,696,-1.4,-17.6,-7.5,15
12/19/1990,173,711,-17.8,-25.8,-23.1,0
12/20/1990,175,711,-23.6,-27,-25.6,0
12/21/1990,178,711,-22.4,-29.8,-27.7,0
12/22/1990,178,711,-19.7,-29,-25.4,0
12/23/1990,188,711,-15,-24.1,-19.2,0
12/24/1990,196,711,-11.5,-16.3,-14.3,0
12/25/1990,196,711,-10.4,-14.9,-12.4,5
12/26/1990,201,716,-5.9,-11.6,-9,5
12/27/1990,213,721,-2.8,-6.4,-4.6,33
12/28/1990,251,754,-6,-26.7,-18.4,0
12/29/1990,251,754,-21.2,-31.1,-26.4,0
12/30/1990,254,754,-11.2,-22.3,-16.2,0
12/31/1990,264,754,-4.7,-11.1,-7.6,10
1/1/1991,267,765,-3.9,-5.3,-4.7,3
1/2/1991,269,767,-1.6,-8.6,-4.8,0
1/3/1991,269,767,-4.1,-11.7,-9.4,0
1/4/1991,269,767,-8.3,-11.4,-9.8,0
1/5/1991,269,767,-8.5,-15.3,-11.4,0
1/6/1991,269,767,-3.4,-14.9,-7.9,8
1/7/1991,274,775,-2.7,-5.6,-3.6,46
1/8/1991,315,820,-1.2,-3.2,-2.7,13
1/9/1991,328,833,0,-4.8,-2.7,8
1/10/1991,333,841,-0.7,-3.1,-2,13
1/11/1991,345,853,2.5,-1.2,0.4,10
1/12/1991,356,864,3.1,0.1,1.4,10
1/13/1991,358,874,2,0,1.2,8
1/14/1991,363,881,0.3,-0.7,-0.2,23
1/15/1991,381,904,0.3,-2,-0.7,13
1/16/1991,394,917,-0.4,-2,-1.5,8
1/17/1991,399,925,1.3,-0.9,0.2,0
1/18/1991,401,925,2.6,-5.9,0.1,5
1/19/1991,401,930,-2,-11,-7.5,5
1/20/1991,401,935,-3.7,-12,-9.6,3
1/21/1991,404,937,-1.2,-10.3,-7.6,0
1/22/1991,409,937,-0.7,-9.3,-6.1,0
1/23/1991,409,937,-0.1,-10.1,-6.4,0
1/24/1991,411,937,-3.8,-9.6,-6.5,0
1/25/1991,411,937,-5.7,-13.1,-10.8,3
1/26/1991,414,940,-7.1,-13.5,-10,0
1/27/1991,414,940,-3.3,-11.8,-7.9,0
1/28/1991,414,940,-7.5,-18.7,-11.8,0
1/29/1991,414,940,-5.4,-17.4,-12.7,0
1/30/1991,414,940,-0.2,-9.5,-3.8,0
1/31/1991,414,940,1.3,-2.8,-0.3,0
2/1/1991,414,940,7,0.3,3.8,0
2/2/1991,414,940,6.2,0.3,3,3
2/3/1991,414,942,5.9,0.3,1.8,5
2/4/1991,417,947,6.5,0.2,2.8,0
2/5/1991,419,947,3.8,-2.6,1.3,10
2/6/1991,427,958,6.9,-3.6,-0.6,0
2/7/1991,432,958,9.1,-1.1,1.6,0
2/8/1991,437,958,10.6,0.1,2.6,0
2/9/1991,439,958,11.7,-0.3,2.6,0
2/10/1991,439,958,12.2,-1.3,2.3,0
2/11/1991,439,958,9.4,-0.8,2.8,3
2/12/1991,444,960,0.6,-0.1,0,13
2/13/1991,457,973,2.8,-0.3,0.5,3
2/14/1991,455,975,5.6,0.2,2,3
2/15/1991,442,978,7.5,0.7,3.1,3
2/16/1991,437,980,2.5,-1.5,0.4,8
2/17/1991,437,988,1.3,-3.3,-1.6,3
2/18/1991,439,991,0.3,-4,-2.3,8
2/19/1991,450,998,3.6,-1.7,1.3,38
2/20/1991,467,1036,,,,13
2/21/1991,472,1049,7.8,-1.6,1.3,3
2/22/1991,472,1052,6,-3.3,0.8,3
2/23/1991,472,1054,6.7,-5,-1,0
2/24/1991,472,1054,8.5,-5,-0.8,0
2/25/1991,472,1054,9.2,-4.6,0.1,0
2/26/1991,472,1054,11.6,-2.4,1.3,0
2/27/1991,472,1054,11.4,-2.7,0.9,0
2/28/1991,472,1054,11.6,-3.5,1.6,0
3/1/1991,472,1054,-2,-9.2,-6.9,8
3/2/1991,480,1062,2.6,-3.6,0,20
3/3/1991,508,1082,2.7,-1.8,0.3,25
3/4/1991,523,1107,1.2,-2.8,-0.3,28
3/5/1991,546,1135,-3,-7.1,-5.7,10
3/6/1991,554,1146,2.8,-7,-4.9,5
3/7/1991,559,1151,-2,-5.8,-3.9,5
3/8/1991,561,1156,5.6,-8,-2.9,0
3/9/1991,561,1156,8.3,-5.7,-0.3,0
3/10/1991,561,1156,0,-7.1,-2.5,13
3/11/1991,566,1168,2,-7.6,-4.8,3
3/12/1991,566,1171,0.8,-4.1,-2.3,8
3/13/1991,577,1179,2,-7.3,-2.6,5
3/14/1991,577,1184,3.9,-8.7,-4.4,0
3/15/1991,577,1184,5.8,-8.5,-3.8,0
3/16/1991,577,1184,7.5,-6.8,-2.1,0
3/17/1991,577,1184,9.8,-7.8,-2,0
3/18/1991,577,1184,11.6,-4.6,0.9,0
3/19/1991,572,1184,13.5,-3.1,2.6,0
3/20/1991,561,1184,6.8,-4.8,-0.6,5
3/21/1991,564,1189,7.9,-5.7,-0.5,3
3/22/1991,566,1191,2.4,-6.5,-1.8,0
3/23/1991,572,1191,8.8,-6.5,-0.2,0
3/24/1991,574,1191,3.8,-3.1,-0.7,5
3/25/1991,577,1196,0.1,-6,-3.1,5
3/26/1991,582,1201,-2.2,-7.6,-5.6,0
3/27/1991,584,1201,2.6,-7.6,-2.9,0
3/28/1991,584,1201,0.1,-5.8,-2.5,3
3/29/1991,587,1204,4.9,-6.6,-1.6,0
3/30/1991,587,1204,12.7,-4,2.6,0
3/31/1991,577,1204,17.9,-0.1,6.3,0
4/1/1991,559,1204,15.8,1.8,5.9,0
4/2/1991,541,1204,5.1,-3.3,1.3,8
4/3/1991,528,1212,7.5,-4.3,1.5,0
4/4/1991,523,1212,4.2,1,2.4,15
4/5/1991,521,1227,4.1,-1.7,2.1,18
4/6/1991,503,1245,4.1,-1.7,2.1,0
4/7/1991,480,1245,4.4,-3.3,-1.2,10
4/8/1991,485,1255,6.5,-4.1,-0.5,0
4/9/1991,493,1255,1.3,-4.7,-1.2,25
4/10/1991,521,1280,3.1,-6.9,-3.6,3
4/11/1991,528,1283,8,-5.3,0.1,0
4/12/1991,531,1283,13.1,-3.1,2.9,0
4/13/1991,518,1283,12.9,-3.5,3.4,0
4/14/1991,505,1283,7.9,-1,2.1,0
4/15/1991,493,1283,10.4,-1.4,3.5,0
4/16/1991,488,1283,10.2,0,3.5,0
4/17/1991,472,1283,10.1,-2.4,2.7,0
4/18/1991,457,1283,13.8,-3,3.8,0
4/19/1991,444,1283,12.6,-1.2,3.5,0
4/20/1991,432,1283,17,0.3,5.9,0
4/21/1991,409,1283,18.4,0.9,6.6,0
4/22/1991,386,1283,16.4,1.7,6.1,0
4/23/1991,366,1283,17.5,1.2,5.5,13
4/24/1991,340,1295,6.1,-1.5,1.3,13
4/25/1991,338,1308,,,,5
4/26/1991,343,1313,4.9,-3.8,-1.4,5
4/27/1991,345,1318,5.9,-4.1,0.1,0
4/28/1991,351,1318,7.2,-2.4,1.3,13
4/29/1991,358,1331,10.1,-1.5,1.8,3
4/30/1991,351,1334,13.2,-2.5,3.6,0
5/1/1991,333,1334,12.6,-2.2,5,0
5/2/1991,305,1334,11.2,-1,4.4,0
5/3/1991,279,1334,7.2,-3.7,1.8,0
5/4/1991,259,1334,13.7,-2.8,4,0
5/5/1991,231,1334,10.3,0.6,4.1,0
5/6/1991,221,1334,10.3,1.5,3.9,3
5/7/1991,206,1336,11.4,1.6,4.5,15
5/8/1991,183,1351,5.6,-0.6,2.2,25
5/9/1991,173,1377,1.9,-2.2,-0.1,0
5/10/1991,168,1377,11.1,-0.5,3.6,0
5/11/1991,145,1377,16.3,2.5,6.5,0
5/12/1991,117,1377,8.7,2.3,4.2,10
5/13/1991,94,1387,9.7,0.6,3.9,0
5/14/1991,74,1387,6.9,1.3,2.9,3
5/15/1991,61,1389,15.4,0.1,5.2,0
5/16/1991,23,1389,14.2,1.8,6,0
5/17/1991,8,1389,17.7,3.7,7.1,15
5/18/1991,0,1405,15.2,3,6.7,15
5/19/1991,0,1420,11.4,2,5,5
5/20/1991,0,1425,18.5,1.3,7.9,8
5/21/1991,0,1433,13.2,2.7,6.2,0
5/22/1991,0,1433,16.8,3.1,8.3,0
5/23/1991,0,1433,16.7,2.3,8.5,0
5/24/1991,0,1433,17.4,2.1,7.2,10
5/25/1991,0,1443,8.4,-0.5,2.5,3
5/26/1991,0,1445,11,-1,3.7,0
5/27/1991,0,1445,12.4,0.2,4.7,3
5/28/1991,0,1448,12.9,2.3,5.1,5
5/29/1991,0,1453,16.1,1.7,8.1,3
5/30/1991,0,1455,3.9,2.6,3.2,8
5/31/1991,0,1463,12.6,3.5,6.6,0
6/1/1991,0,1463,20.2,3.6,10.8,0
6/2/1991,0,1463,22.2,6.1,13.2,0
6/3/1991,0,1463,12.4,0.4,7,0
6/4/1991,0,1463,11.2,-0.7,5.8,0
6/5/1991,0,1463,11.4,4,7.2,5
6/6/1991,0,1468,17,4.1,8.2,18
6/7/1991,0,1486,9.3,4.1,6.3,13
6/8/1991,0,1499,10.3,4.4,6.7,0
6/9/1991,0,1499,20,3.7,11.1,0
6/10/1991,0,1499,24.5,7.5,15.4,5
6/11/1991,0,1504,13.5,5.1,9.9,10
6/12/1991,0,1514,11.5,1.3,5.9,3
6/13/1991,0,1516,8.5,0.5,3.4,0
6/14/1991,0,1516,10.8,1,3.9,3
6/15/1991,0,1519,17.7,1,8.3,23
6/16/1991,0,1542,9.2,1.3,4.7,5
6/17/1991,0,1547,14.2,0.7,6,0
6/18/1991,0,1547,19.1,1.4,10.3,0
6/19/1991,0,1547,18.2,6.4,11.1,10
6/20/1991,0,1557,14.8,6,8.9,0
6/21/1991,0,1557,16.5,4.4,8.6,3
6/22/1991,0,1560,16.4,2.8,9.7,0
6/23/1991,0,1560,17.1,4.4,10.4,0
6/24/1991,0,1560,17.3,5.8,9.2,0
6/25/1991,0,1560,15,5.7,8.6,0
6/26/1991,0,1560,15.6,5,9.3,0
6/27/1991,0,1560,19.3,5.6,11.9,0
6/28/1991,0,1560,19.4,8,12.1,0
6/29/1991,0,1560,18.7,8.3,11.8,0
6/30/1991,0,1560,13.9,5.9,8.6,0
7/1/1991,0,1560,21.5,6.5,13.2,0
7/2/1991,0,1560,27.1,8.5,16.8,0
7/3/1991,0,1560,29.4,12,19.8,0
7/4/1991,0,1560,25.6,12.4,18.4,0
7/5/1991,0,1560,22.6,9.8,15.6,0
7/6/1991,0,1560,19.3,6.2,12.4,0
7/7/1991,0,1560,23.8,5.3,13.4,0
7/8/1991,0,1560,24.3,8.8,15.6,0
7/9/1991,0,1560,24.2,9.8,16.4,0
7/10/1991,0,1560,21.5,7.1,13.6,0
7/11/1991,0,1560,24.8,8,15.9,5
7/12/1991,0,1565,30.2,10.9,19.7,0
7/13/1991,0,1565,25.1,12.4,18.8,0
7/14/1991,0,1565,20.4,8.5,13,0
7/15/1991,0,1565,22.9,7.7,14.1,0
7/16/1991,0,1565,18.7,8.1,12.7,0
7/17/1991,0,1565,14,7.9,9.6,5
7/18/1991,0,1570,19.5,6.5,12,0
7/19/1991,0,1570,21.8,6.4,13.5,0
7/20/1991,0,1570,23.9,8.1,15.3,0
7/21/1991,0,1570,22.6,8.8,15,0
7/22/1991,0,1570,27.2,9.8,17.3,0
7/23/1991,0,1570,30,11.4,19.6,0
7/24/1991,0,1570,30.4,13.4,19.2,15
7/25/1991,0,1585,19.1,10.8,13.9,0
7/26/1991,0,1585,21.4,8.5,13.6,0
7/27/1991,0,1585,23.8,9.3,15.5,0
7/28/1991,0,1585,26.3,10.1,17.1,0
7/29/1991,0,1585,24.5,11.9,17.2,0
7/30/1991,0,1585,24.4,10.6,16.4,0
7/31/1991,0,1585,27.5,10.6,17.4,3
8/1/1991,0,1588,20.6,9.1,12.8,3
8/2/1991,0,1590,24.4,8.8,15.3,0
8/3/1991,0,1590,27.4,10,17.4,0
8/4/1991,0,1590,28.5,11.9,18.9,0
8/5/1991,0,1590,26,12.8,19,0
8/6/1991,0,1590,25.8,11.9,17.1,0
8/7/1991,0,1590,26.8,12.6,18.5,0
8/8/1991,0,1590,30,12.5,19.8,0
8/9/1991,0,1590,30.8,13.2,20.9,0
8/10/1991,0,1590,18.7,6.8,12.5,0
8/11/1991,0,1590,22,5,11.7,0
8/12/1991,0,1590,21.2,6.7,13.1,0
8/13/1991,0,1590,22.8,8.2,14.5,0
8/14/1991,0,1590,22.3,8.9,14,0
8/15/1991,0,1590,24.2,8.1,14.6,0
8/16/1991,0,1590,26.8,10.5,16.9,0
8/17/1991,0,1590,26.5,11.6,15.9,8
8/18/1991,0,1598,29,11.3,18.6,0
8/19/1991,0,1598,26.9,13.1,17.5,0
8/20/1991,0,1598,27.8,13.5,18.8,0
8/21/1991,0,1598,29.2,13.4,19.2,0
8/22/1991,0,1598,28.3,13.2,19,0
8/23/1991,0,1598,23.6,10.4,15.9,0
8/24/1991,0,1598,23.9,9.1,14.7,0
8/25/1991,0,1598,19.9,5.8,11.4,0
8/26/1991,0,1598,23.1,3.7,12.2,0
8/27/1991,0,1598,22.3,9.4,14.1,0
8/28/1991,0,1598,18.5,8.4,12.4,0
8/29/1991,0,1598,24.9,7,14.5,0
8/30/1991,0,1598,27.5,11.8,17.1,0
8/31/1991,0,1598,26.9,11.7,17.3,0
9/1/1991,0,1598,16.8,5.2,10.4,0
9/2/1991,0,1598,18.9,4.6,9.9,0
9/3/1991,0,1598,23.3,5.7,12.5,0
9/4/1991,0,1598,25.3,8.5,14.9,0
9/5/1991,0,1598,25.7,10,15.4,0
9/6/1991,0,1598,27.6,10.5,16.9,0
9/7/1991,0,1598,19.4,9.5,13.7,0
9/8/1991,0,1598,14.6,4.3,8.6,0
9/9/1991,0,1598,18.4,3.2,9.9,0
9/10/1991,0,1598,17.3,5.8,10.7,0
9/11/1991,0,1598,21,5.9,11.9,0
9/12/1991,0,1598,22.8,7.5,13.4,0
9/13/1991,0,1598,15.1,2.3,9.1,5
9/14/1991,0,1603,15.1,1.8,6.4,0
9/15/1991,0,1603,18.7,3.4,9.1,0
9/16/1991,0,1603,20.8,6,11.4,0
9/17/1991,0,1603,19.5,5.1,10.5,0
9/18/1991,0,1603,17.9,4.4,9.8,0
9/19/1991,0,1603,24.3,6.8,13.2,0
9/20/1991,0,1603,19,4.4,11.5,0
9/21/1991,0,1603,12.9,0.2,5,0
9/22/1991,0,1603,14.9,0.1,6.1,0
9/23/1991,0,1603,17.2,2.8,8.4,0
9/24/1991,0,1603,22.8,4.6,10.6,0
9/25/1991,0,1603,24.6,7.1,13,0
9/26/1991,0,1603,26.9,8.9,14.8,0
9/27/1991,0,1603,25.4,11,15.6,0
9/28/1991,0,1603,22.4,9.8,13.6,0
9/29/1991,0,1603,22.1,7.7,12.4,0
9/30/1991,0,1603,22.4,8,13.8,0
10/1/1991,0,0,20,7.5,12.9,0
10/2/1991,0,0,16.5,5.1,9.1,0
10/3/1991,0,0,12.8,0,5.4,0
10/4/1991,0,0,14.4,-1.8,3.5,0
10/5/1991,0,0,18.8,0.6,7,0
10/6/1991,0,0,20.4,6,10.9,0
10/7/1991,0,0,17.7,3.8,8.7,0
10/8/1991,0,0,17.4,2,7,0
10/9/1991,0,0,20.5,4.7,9.6,0
10/10/1991,0,0,24.2,7.2,13,0
10/11/1991,0,0,25.5,10.8,15.2,0
10/12/1991,0,0,17.4,4.5,11.6,0
10/13/1991,0,0,15.6,2.1,6.9,0
10/14/1991,0,0,19.7,5.5,10.9,0
10/15/1991,0,0,21.5,9.4,13.8,0
10/16/1991,0,0,13.4,1.7,8.9,0
10/17/1991,0,0,7.1,-3.6,0,0
10/18/1991,0,0,5.4,-3.7,0.2,0
10/19/1991,0,0,11.8,-0.2,4.2,0
10/20/1991,0,0,14.3,0.8,5.9,0
10/21/1991,0,0,8.7,-1,5.4,5
10/22/1991,0,5,4.2,-3.4,-0.2,3
10/23/1991,0,8,0.5,-4,-2,5
10/24/1991,5,13,3.2,-1.7,-0.6,23
10/25/1991,23,36,2.3,-1.6,-0.6,15
10/26/1991,33,51,1.8,-2.7,-0.6,3
10/27/1991,36,53,-0.4,-7,-3.2,5
10/28/1991,36,58,-1.2,-9.9,-7,0
10/29/1991,36,58,-2.8,-13.9,-9.2,0
10/30/1991,36,58,-3,-13.6,-8,0
10/31/1991,36,58,-0.3,-5.8,-3.9,0
11/1/1991,36,58,-3.8,-15.3,-9.1,3
11/2/1991,36,61,-1.7,-17.2,-11.1,0
11/3/1991,36,61,-0.2,-9.2,-4,3
11/4/1991,43,64,0.7,-2.6,-0.4,18
11/5/1991,58,81,4.6,-0.3,2.1,20
11/6/1991,53,102,4.3,-1.3,0.5,0
11/7/1991,51,102,5.7,-1.7,1.9,0
11/8/1991,51,102,6.6,2.5,4.4,10
11/9/1991,33,112,3.6,-0.7,1.5,5
11/10/1991,28,117,4,-0.9,1.6,3
11/11/1991,18,119,5.6,-0.9,3.3,0
11/12/1991,10,119,5,3.6,4.4,18
11/13/1991,8,137,3.5,-2.8,0.1,3
11/14/1991,8,140,1.4,-5.4,-2.6,3
11/15/1991,10,142,-0.1,-7.2,-4.3,0
11/16/1991,15,142,4.1,-4.3,0.1,8
11/17/1991,28,150,4.2,-0.9,0.6,8
11/18/1991,30,157,-0.1,-1,-0.6,13
11/19/1991,43,170,1.1,-1.6,-0.3,10
11/20/1991,53,180,0.9,-2.2,-0.2,25
11/21/1991,74,206,-1.5,-3.6,-2.8,10
11/22/1991,79,216,-1.3,-9.2,-5.1,0
11/23/1991,79,216,-2.5,-9.2,-4.7,0
11/24/1991,79,216,0.2,-2.6,-0.9,13
11/25/1991,94,229,0.2,-0.6,0,38
11/26/1991,124,267,0.6,-1.3,-0.6,15
11/27/1991,140,282,-0.2,-3.6,-2.3,8
11/28/1991,147,290,-2.3,-4.7,-3.6,30
11/29/1991,173,320,-3.3,-11.1,-7.5,0
11/30/1991,173,320,-6.1,-11.2,-8.2,0
12/1/1991,173,320,0,-7,-3.6,18
12/2/1991,185,338,-0.7,-5.1,-2.7,0
12/3/1991,185,338,0,-2.4,-1.1,5
12/4/1991,188,343,0.1,-0.3,-0.1,8
12/5/1991,193,351,1.6,0,0.6,8
12/6/1991,193,358,1.3,-0.2,0.5,41
12/7/1991,224,399,-0.2,-2.5,-1.7,18
12/8/1991,236,417,0,-2.7,-0.9,15
12/9/1991,251,432,0.6,-5.3,-1.4,10
12/10/1991,259,442,-2.3,-7.6,-5.1,0
12/11/1991,259,442,0,-4.2,-2.4,3
12/12/1991,264,444,0.3,-4.6,-1.6,36
12/13/1991,295,480,-3.3,-10,-7,0
12/14/1991,295,480,-1.8,-9,-6.9,0
12/15/1991,295,480,-3,-8.1,-5.8,0
12/16/1991,295,480,-1.5,-7.1,-5.1,0
12/17/1991,295,480,0,-4.8,-2.8,3
12/18/1991,295,483,1.5,-2.9,-1.1,15
12/19/1991,307,498,-2.3,-5.2,-4.5,3
12/20/1991,307,500,-2.1,-9,-5.7,0
12/21/1991,310,500,-0.9,-6,-2.8,8
12/22/1991,318,508,0.9,-3,-1.3,0
12/23/1991,318,508,2,-1.9,-0.2,3
12/24/1991,318,511,2,-3.6,-0.9,3
12/25/1991,318,513,4.7,-3.6,-1.5,3
12/26/1991,318,516,2.7,-3,-1.2,3
12/27/1991,318,518,3.4,-2.2,-0.7,3
12/28/1991,318,521,4.1,-2.8,-1.1,3
12/29/1991,318,523,4.1,-3.6,-1.7,3
12/30/1991,318,526,1.6,-2.8,-0.7,3
12/31/1991,318,528,2.2,-5.6,-2.4,3
1/1/1992,318,531,2,-5.4,-1.9,3
1/2/1992,320,533,0,-5.3,-2.1,5
1/3/1992,323,538,1.5,-7.5,-3.1,5
1/4/1992,325,544,-1,-7,-2.6,8
1/5/1992,330,551,2,-5.3,-1,0
1/6/1992,333,551,0.4,-7.5,-2.8,8
1/7/1992,333,559,-4.6,-10.9,-8.9,3
1/8/1992,333,561,-3.6,-10.8,-7.5,0
1/9/1992,335,561,1.6,-6.4,-2.4,0
1/10/1992,335,561,4.9,-2.4,0,8
1/11/1992,343,569,-2.1,-5.2,-3.3,13
1/12/1992,353,582,-4.3,-9,-6.1,3
1/13/1992,358,584,-1.9,-5,-4.2,0
1/14/1992,361,584,-1.5,-4.2,-2.9,3
1/15/1992,361,587,0.9,-3.4,-0.9,0
1/16/1992,363,587,0.4,-5.6,-1.6,13
1/17/1992,371,599,-1.6,-8.1,-4.2,3
1/18/1992,371,602,0,-9.2,-5.7,0
1/19/1992,373,602,0.4,-6.8,-4.6,0
1/20/1992,373,602,0,-6.7,-5.1,0
1/21/1992,373,602,-3.3,-7.3,-4.5,10
1/22/1992,378,612,-2.4,-8.9,-4.9,15
1/23/1992,394,627,0.2,-3,-0.9,43
1/24/1992,447,671,3.3,-0.5,0.9,13
1/25/1992,450,683,4.1,-0.4,1.3,0
1/26/1992,450,683,5.1,-2.5,0.5,0
1/27/1992,452,683,3.2,-2.1,0.7,13
1/28/1992,470,696,2.2,-0.5,1.3,13
1/29/1992,472,709,2.4,-0.4,1,10
1/30/1992,472,719,6.7,0.8,3.2,0
1/31/1992,472,719,8,1.8,4.4,0
2/1/1992,472,719,11.2,-0.1,2.4,8
2/2/1992,472,726,4.5,-3.6,-1,0
2/3/1992,472,726,4.5,-4.4,-1.5,0
2/4/1992,475,726,8.6,-1.7,0.8,0
2/5/1992,475,726,8.8,-3.1,0.2,0
2/6/1992,475,726,7.3,-2.1,0.3,0
2/7/1992,475,726,7.1,-2.3,1,0
2/8/1992,475,726,0.8,-1.9,-0.5,8
2/9/1992,478,734,2.6,-2.3,-0.5,3
2/10/1992,480,737,8.7,-1.4,1.2,0
2/11/1992,480,737,9.7,-0.5,2.6,3
2/12/1992,480,739,10.1,-2,1.8,0
2/13/1992,480,739,5,-0.7,1.6,0
2/14/1992,483,739,7,-2.3,1,0
2/15/1992,485,739,6.3,-1.6,0.9,5
2/16/1992,488,744,3.1,-5.5,-2.1,0
2/17/1992,488,744,4.3,-5.6,-1.8,3
2/18/1992,490,747,1.1,-3.3,-1,28
2/19/1992,523,775,1.5,-0.4,0.3,18
2/20/1992,544,792,3.4,-0.1,1.2,30
2/21/1992,549,823,3.1,-1,1.1,5
2/22/1992,541,828,2.2,-2.4,0.7,10
2/23/1992,533,838,4.6,-4.6,-0.6,3
2/24/1992,533,841,2.7,-0.7,0.5,5
2/25/1992,538,846,5.2,-0.8,1.5,0
2/26/1992,536,846,9.7,-1.2,2,0
2/27/1992,533,846,12.6,0,3.3,0
2/28/1992,531,846,13.7,0.3,3.7,0
2/29/1992,531,846,13.1,0.8,4.1,0
3/1/1992,526,846,12.4,-0.3,3.6,3
3/2/1992,523,848,9.4,-1,2.3,0
3/3/1992,516,848,9.7,-0.1,2.5,0
3/4/1992,511,848,10.6,-1.9,2,0
3/5/1992,508,848,12.6,-1.9,2.8,0
3/6/1992,503,848,12.6,0,3.5,0
3/7/1992,495,848,6.3,-0.5,1.7,5
3/8/1992,493,853,9.6,-2.8,1.2,0
3/9/1992,483,853,10.6,-3.9,0.9,0
3/10/1992,478,853,10.9,-1.8,2.3,0
3/11/1992,472,853,14,-0.8,3.2,0
3/12/1992,465,853,13.8,-0.2,4.1,0
3/13/1992,457,853,17.6,1.3,5.6,0
3/14/1992,447,853,17.6,2,5.9,0
3/15/1992,434,853,9.7,0.8,3.8,0
3/16/1992,429,853,13.2,0.2,3.3,0
3/17/1992,419,853,2.3,-0.2,0.8,20
3/18/1992,432,874,2.6,-1.1,0.3,3
3/19/1992,429,876,7.9,-1.4,2,0
3/20/1992,427,876,11.2,-3,1.6,0
3/21/1992,422,876,10.3,-4.3,1.2,0
3/22/1992,417,876,14.7,-1.5,3.8,0
3/23/1992,409,876,13,-1.2,3.6,0
3/24/1992,401,876,13.4,-1.3,3.3,0
3/25/1992,391,876,13.2,0,3.5,0
3/26/1992,386,876,14.1,0,4.9,0
3/27/1992,376,876,4.4,-4,1,0
3/28/1992,368,876,10.7,-6.4,0,0
3/29/1992,368,876,12.7,-3.3,3.4,0
3/30/1992,356,876,16.9,0.1,5.6,0
3/31/1992,345,876,16.2,0.8,6.3,0
4/1/1992,328,876,17.2,2.1,7.2,0
4/2/1992,302,876,19.7,2.6,8.7,0
4/3/1992,277,876,12.7,2.1,5.9,0
4/4/1992,259,876,7.7,-1.8,2.1,0
4/5/1992,246,876,6.1,-3.5,-0.7,5
4/6/1992,241,881,2.3,-5.4,-2.5,8
4/7/1992,244,889,3.5,-6.3,-2.2,3
4/8/1992,244,892,8.3,-7.1,-0.4,0
4/9/1992,249,892,2.6,-1,0.1,18
4/10/1992,272,909,9.4,-1.6,1.4,0
4/11/1992,274,909,8.5,-2.1,2.2,0
4/12/1992,267,909,8.7,1.2,3.3,3
4/13/1992,262,912,12.4,0.3,4.2,10
4/14/1992,251,922,13.8,0,3.7,0
4/15/1992,236,922,18.2,0.7,6.6,0
4/16/1992,216,922,16.7,3.2,7.2,13
4/17/1992,198,935,5.2,0.7,3,18
4/18/1992,185,952,6.6,-0.4,1.7,8
4/19/1992,175,960,12.2,-1.1,4,0
4/20/1992,155,960,15,0.7,6.5,0
4/21/1992,135,960,6.8,-1.4,2.6,0
4/22/1992,122,960,6.1,-2.1,0.5,0
4/23/1992,114,960,7.6,-4.1,0.5,0
4/24/1992,102,960,14.8,-3.6,4.6,0
4/25/1992,76,960,22.1,2,9.7,0
4/26/1992,43,960,23.8,6,12.5,0
4/27/1992,10,960,16.1,5.1,8.1,0
4/28/1992,0,960,16.4,5.2,7.8,0
4/29/1992,0,960,18.9,4.4,9.8,8
4/30/1992,0,968,5.7,-1.3,3.3,18
5/1/1992,0,986,10.5,-3,2.8,0
5/2/1992,0,986,16.4,0.1,7.3,0
5/3/1992,0,986,21.7,2.8,10.7,0
5/4/1992,0,986,24.5,6,13.5,0
5/5/1992,0,986,26.2,8.2,15.4,0
5/6/1992,0,986,26.8,9.5,16.7,0
5/7/1992,0,986,24.8,10.1,16.6,0
5/8/1992,0,986,14.7,3,8.5,0
5/9/1992,0,986,9.7,1.2,4.3,5
5/10/1992,0,991,6.2,1.5,3.9,0
5/11/1992,0,991,6.9,-2.5,1.5,0
5/12/1992,0,991,12.5,-3,4.3,0
5/13/1992,0,991,16.5,0.8,8,0
5/14/1992,0,991,19.9,3.4,11.3,0
5/15/1992,0,991,15.8,2.3,10.1,0
5/16/1992,0,991,19,-1,8.4,0
5/17/1992,0,991,24.3,4,13.9,0
5/18/1992,0,991,21.4,8,13.9,0
5/19/1992,0,991,18.5,6.1,11.8,0
5/20/1992,0,991,9.3,0.3,5.2,15
5/21/1992,0,1006,13.7,-1.1,5.4,0
5/22/1992,0,1006,19.7,0.7,10.2,0
5/23/1992,0,1006,23,5.7,13.4,0
5/24/1992,0,1006,24.5,7.5,15.3,0
5/25/1992,0,1006,26.7,8.7,16.9,0
5/26/1992,0,1006,15,6.2,9.6,10
5/27/1992,0,1016,16,3.9,9.1,0
5/28/1992,0,1016,20.1,4.4,12.1,0
5/29/1992,0,1016,17.6,6.5,10.4,0
5/30/1992,0,1016,19.7,5.9,12,0
5/31/1992,0,1016,23.3,6.5,14.3,0
6/1/1992,0,1016,25.5,9.4,17.2,0
6/2/1992,0,1016,18.4,7.5,12.6,0
6/3/1992,0,1016,17.1,3.1,9.8,0
6/4/1992,0,1016,17,5.9,10.5,0
6/5/1992,0,1016,18.4,5.2,11.5,0
6/6/1992,0,1016,19.8,5.1,11.8,0
6/7/1992,0,1016,23.1,7.9,15.1,0
6/8/1992,0,1016,24.9,7.7,15.6,0
6/9/1992,0,1016,22.9,8.5,14.9,0
6/10/1992,0,1016,23.6,5.9,14.7,0
6/11/1992,0,1016,23.1,8.8,13.9,5
6/12/1992,0,1021,11.9,4.3,7.7,30
6/13/1992,0,1052,8.3,1.5,4.3,18
6/14/1992,0,1069,8.3,0.7,4.8,0
6/15/1992,0,1069,14.3,4.4,9.2,0
6/16/1992,0,1069,11.4,7.8,9.1,0
6/17/1992,0,1069,18.5,7.1,11.3,0
6/18/1992,0,1069,23.9,7.6,14.5,0
6/19/1992,0,1069,27.2,10.3,17.7,0
6/20/1992,0,1069,25.9,11.9,18.1,0
6/21/1992,0,1069,27.6,12.4,19.2,0
6/22/1992,0,1069,29.3,13.2,20.7,0
6/23/1992,0,1069,30.9,14.3,21.7,0
6/24/1992,0,1069,31.3,14.9,22.3,0
6/25/1992,0,1069,29.4,12.1,20.3,15
6/26/1992,0,1085,26.7,10.3,18.2,0
6/27/1992,0,1085,28.7,12.8,19.6,3
6/28/1992,0,1087,27,13.9,19.4,0
6/29/1992,0,1087,16.9,5.9,10.4,13
6/30/1992,0,1100,19,4.6,10.2,3
7/1/1992,0,1102,14.6,6.2,8.6,18
7/2/1992,0,1120,18.8,7.1,11,3
7/3/1992,0,1123,19.7,7.8,12.2,3
7/4/1992,0,1125,21.9,7.4,12.6,0
7/5/1992,0,1125,17.4,6.2,10.8,0
7/6/1992,0,1125,17.7,6.5,11,0
7/7/1992,0,1125,13.4,7.2,9.2,3
7/8/1992,0,1128,17.4,7,10.1,5
7/9/1992,0,1133,17,6,10.7,0
7/10/1992,0,1133,19.1,5.4,10.6,3
7/11/1992,0,1135,17.6,7.5,10.7,0
7/12/1992,0,1135,21.8,6.6,13.4,0
7/13/1992,0,1135,21.4,9.6,14.8,0
7/14/1992,0,1135,18.9,7.6,12.4,0
7/15/1992,0,1135,21.9,6.3,13,0
7/16/1992,0,1135,25.7,7.5,15.7,0
7/17/1992,0,1135,28.6,11,18.8,0
7/18/1992,0,1135,30.2,13.1,20.7,0
7/19/1992,0,1135,25,11.2,17.1,25
7/20/1992,0,1161,23.7,10.4,14.1,0
7/21/1992,0,1161,21.2,10.3,14.4,3
7/22/1992,0,1163,22.1,8.6,14.1,13
7/23/1992,0,1176,10.8,6.7,8.6,5
7/24/1992,0,1181,17.3,7.1,9.5,0
7/25/1992,0,1181,23.5,6.7,13.8,0
7/26/1992,0,1181,25.7,9.7,16.5,0
7/27/1992,0,1181,26.3,11.1,17.2,0
7/28/1992,0,1181,24.7,11,17.1,0
7/29/1992,0,1181,26.1,11,16.9,0
7/30/1992,0,1181,28.5,11,18.2,0
7/31/1992,0,1181,30.9,12.5,20.3,0
8/1/1992,0,1181,31.3,15.8,21.7,0
8/2/1992,0,1181,27.8,12.4,18.9,0
8/3/1992,0,1181,25.5,10.6,16.8,0
8/4/1992,0,1181,27.4,11.1,17.2,0
8/5/1992,0,1181,20.7,8.8,13.8,0
8/6/1992,0,1181,22.1,8.4,14.9,5
8/7/1992,0,1186,18.6,7.8,12.1,0
8/8/1992,0,1186,18.1,5.7,10.2,0
8/9/1992,0,1186,20.8,4.5,11.6,3
8/10/1992,0,1189,27.4,7.5,15.2,3
8/11/1992,0,1191,29.3,10.4,17.9,0
8/12/1992,0,1191,31.3,11.8,19.8,3
8/13/1992,0,1194,31.6,16.2,20.2,0
8/14/1992,0,1194,32.6,15.9,22.5,0
8/15/1992,0,1194,27.5,16,19.6,0
8/16/1992,0,1194,29.2,14.4,19.7,0
8/17/1992,0,1194,28,13.8,19,0
8/18/1992,0,1194,30.7,13.6,20.6,0
8/19/1992,0,1194,26,13.4,16.7,0
8/20/1992,0,1194,26.1,11.6,17,0
8/21/1992,0,1194,23.9,8.1,14.4,0
8/22/1992,0,1194,8.6,1.1,5.6,61
8/23/1992,0,1255,4.9,-1.5,0.8,5
8/24/1992,0,1260,13.2,-2.5,3.5,3
8/25/1992,0,1262,17.5,0,7.3,3
8/26/1992,0,1265,21,5,11.5,0
8/27/1992,0,1265,21.6,8.4,13.7,0
8/28/1992,0,1265,19.4,4.4,11.9,0
8/29/1992,0,1265,21.3,3.5,10.4,0
8/30/1992,0,1265,21.2,6.9,12.2,3
8/31/1992,0,1267,21.1,9.1,13,0
9/1/1992,0,1267,20.4,7.8,12.9,0
9/2/1992,0,1267,21.3,7.4,12.7,0
9/3/1992,0,1267,23.8,7.8,14,0
9/4/1992,0,1267,11.4,3.4,8.1,0
9/5/1992,0,1267,11.2,0.5,4.1,0
9/6/1992,0,1267,10.8,0.3,3.9,0
9/7/1992,0,1267,14.1,-0.6,5.9,5
9/8/1992,0,1273,11.6,3.3,6.6,15
9/9/1992,0,1288,16.6,1.1,7.5,3
9/10/1992,0,1290,22.8,4.4,11.1,3
9/11/1992,0,1293,22,8.6,13.1,0
9/12/1992,0,1293,9.3,3.6,6,0
9/13/1992,0,1293,7.2,-1.2,2.1,0
9/14/1992,0,1293,9.5,-1.7,4,3
9/15/1992,0,1295,4.1,1.8,2.8,13
9/16/1992,0,1308,14.1,3.5,7.2,0
9/17/1992,0,1308,14.1,1,6.5,0
9/18/1992,0,1308,16.9,0.5,6.7,3
9/19/1992,0,1311,15.3,4.9,9.2,3
9/20/1992,0,1313,14.1,6.4,10,0
9/21/1992,0,1313,20.3,5.9,11.2,0
9/22/1992,0,1313,25.7,7.9,14.3,5
9/23/1992,0,1318,20.8,8.6,14.1,20
9/24/1992,0,1339,8.3,4,5.2,18
9/25/1992,0,1356,6.3,3.2,4.5,3
9/26/1992,0,1359,11.3,1.6,7,3
9/27/1992,0,1361,14.7,-0.2,5.1,0
9/28/1992,0,1361,20.9,2.1,9.6,3
9/29/1992,0,1364,26.9,8.1,14.9,5
9/30/1992,0,1369,28.4,12.5,16.3,0
10/1/1992,0,0,27.2,12.6,17,0
10/2/1992,0,0,28.1,9.5,15.9,0
10/3/1992,0,0,11.7,6.3,8.3,0
10/4/1992,0,0,9.3,2,5.2,0
10/5/1992,0,0,13.7,1,4.8,0
10/6/1992,0,0,12.6,-0.3,3.4,0
10/7/1992,0,0,13.7,-1.6,4.9,0
10/8/1992,0,0,9.8,3.6,7.6,0
10/9/1992,0,0,11.4,-0.8,3.4,0
10/10/1992,0,0,15.5,1.1,7,0
10/11/1992,0,0,17.1,5.2,9.2,0
10/12/1992,0,0,13,6.5,9.6,0
10/13/1992,0,0,8.8,-2.6,3.7,0
10/14/1992,0,0,4.4,-3.3,-0.3,0
10/15/1992,0,0,5.1,-5.2,-2,0
10/16/1992,0,0,3.9,-2.9,0.4,3
10/17/1992,0,3,6.5,-0.2,1.9,5
10/18/1992,0,8,12.8,1.8,6.6,0
10/19/1992,0,8,14.3,4.1,7.6,0
10/20/1992,0,8,16.7,4.6,8.4,3
10/21/1992,0,10,12.4,3.9,6.4,3
10/22/1992,0,13,13.4,4.2,6.4,0
10/23/1992,0,13,17.4,3.7,7.8,3
10/24/1992,0,15,17.2,4.1,8.4,0
10/25/1992,0,15,15.4,3.6,7.2,0
10/26/1992,0,15,10.1,0.3,4.8,0
10/27/1992,0,15,10.2,-1,1.5,0
10/28/1992,0,15,9.9,-0.5,3.4,0
10/29/1992,0,15,6.2,2.1,3.5,3
10/30/1992,0,18,5.3,-0.1,1.8,10
10/31/1992,0,28,3.4,-0.1,1.4,33
11/1/1992,0,61,3.9,-1.4,1.6,5
11/2/1992,8,66,1.4,-3.3,-1,3
11/3/1992,10,69,4.8,-5.3,-2.1,0
11/4/1992,13,69,-0.2,-3.9,-1.3,10
11/5/1992,20,79,1.1,-3.2,-1.2,0
11/6/1992,20,79,2.3,-3,0.1,5
11/7/1992,23,84,2.6,0,1.3,36
11/8/1992,23,119,1.2,-1.8,-0.7,30
11/9/1992,48,150,-0.3,-5.2,-2.8,5
11/10/1992,53,155,-1.9,-5.2,-3.6,0
11/11/1992,53,155,-0.8,-3.7,-2.5,13
11/12/1992,64,168,1.2,-2,-0.5,5
11/13/1992,66,173,2.4,-0.2,0.4,0
11/14/1992,66,173,5,-0.3,1,0
11/15/1992,66,173,4.7,-0.3,0.9,3
11/16/1992,66,175,5.1,-0.7,0.7,0
11/17/1992,66,175,1.3,-0.5,0.1,5
11/18/1992,71,180,0.2,-3.3,-0.6,10
11/19/1992,79,190,0.7,-2.8,-1.5,10
11/20/1992,89,201,-1.4,-5.6,-3.4,3
11/21/1992,89,203,-1.1,-5.3,-3,25
11/22/1992,114,229,-0.2,-2.6,-1.6,23
11/23/1992,132,251,-2.5,-10.8,-7.4,0
11/24/1992,132,251,-3.5,-11.8,-9.6,0
11/25/1992,132,251,-3.3,-11.7,-9,0
11/26/1992,132,251,-2.7,-9.4,-7.2,0
11/27/1992,132,251,-2.9,-5.9,-4.2,8
11/28/1992,140,259,-3.4,-5.3,-4.5,3
11/29/1992,140,262,-2.7,-10.1,-5.9,0
11/30/1992,140,262,-0.8,-7.4,-3.6,13
12/1/1992,150,274,-4.1,-9.8,-6.8,0
12/2/1992,150,274,-2.6,-12.4,-7.9,0
12/3/1992,150,274,-5.4,-13.5,-11.5,0
12/4/1992,150,274,-5.3,-12.6,-10.5,0
12/5/1992,150,274,-6.2,-12.9,-10.3,0
12/6/1992,150,274,-3.3,-13.8,-9.6,0
12/7/1992,150,274,0.1,-7.3,-2.8,5
12/8/1992,155,279,-1.7,-5.6,-2.8,13
12/9/1992,168,292,-2.5,-5.1,-3.8,0
12/10/1992,168,292,0.8,-5.1,-2.1,8
12/11/1992,175,300,-1.8,-8.7,-6.1,0
12/12/1992,175,300,-3.6,-9.9,-5.7,0
12/13/1992,175,300,-4.6,-10.3,-6.2,0
12/14/1992,175,300,-0.7,-7.5,-2.9,13
12/15/1992,188,312,-5,-10.9,-7.4,0
12/16/1992,188,312,-6.3,-11.4,-8.7,8
12/17/1992,196,320,-5,-7.5,-6.4,8
12/18/1992,203,328,-6.8,-16,-11.2,0
12/19/1992,203,328,-6.5,-12.5,-8.8,15
12/20/1992,218,343,-3.4,-6.3,-4.6,38
12/21/1992,257,381,-2.5,-3.7,-3.2,25
12/22/1992,282,406,-0.8,-3.8,-2.1,15
12/23/1992,295,422,-0.1,-1.1,-0.8,5
12/24/1992,295,427,0,-4.8,-2.4,0
12/25/1992,295,427,-0.5,-6.3,-4.1,5
12/26/1992,300,432,-2.5,-5.3,-3.7,13
12/27/1992,310,444,-1.6,-4.3,-3,8
12/28/1992,318,452,-0.8,-4.6,-2.7,5
12/29/1992,323,457,-0.6,-6.8,-4.1,10
12/30/1992,333,467,-3.3,-9.9,-6.3,8
12/31/1992,340,475,-3.5,-6.4,-4.9,5
1/1/1993,345,480,-3.9,-11.4,-6.7,5
1/2/1993,351,485,-8.5,-12.4,-11.1,3
1/3/1993,353,488,-7.3,-11.1,-8.9,15
1/4/1993,368,503,-4.4,-8.7,-7.2,0
1/5/1993,368,503,-6.4,-14.5,-11.2,3
1/6/1993,371,505,-8.4,-16.6,-12.7,0
1/7/1993,371,505,-6.6,-18.2,-13.1,0
1/8/1993,371,505,-8.1,-12.7,-10.3,0
1/9/1993,371,505,-9.9,-15.2,-13.6,0
1/10/1993,371,505,-4.9,-14.9,-11.7,3
1/11/1993,373,508,-6,-13.5,-11.2,0
1/12/1993,373,508,-4.1,-13.9,-11.9,0
1/13/1993,373,508,-4.4,-14.7,-9.8,3
1/14/1993,373,511,2.1,-6.5,-2.5,5
1/15/1993,373,516,1.8,-8.1,-5.1,0
1/16/1993,373,516,-2.6,-9.3,-6,0
1/17/1993,373,516,-0.8,-7.4,-4.8,0
1/18/1993,373,516,-2.8,-9.4,-6.9,0
1/19/1993,373,516,-0.3,-7.8,-3.3,10
1/20/1993,384,526,0.5,-2.6,-0.7,15
1/21/1993,401,541,-1.2,-5.2,-3.1,5
1/22/1993,406,546,-3.8,-8.4,-5.1,8
1/23/1993,414,554,-3,-10.3,-7.4,0
1/24/1993,414,554,-0.5,-7.5,-4.1,23
1/25/1993,437,577,0.6,-0.3,0.2,23
1/26/1993,462,599,4.7,-2.1,0.5,3
1/27/1993,462,602,1,-2.5,-0.9,0
1/28/1993,462,602,3.3,-2.3,-0.8,0
1/29/1993,462,602,0.5,-5.5,-2,3
1/30/1993,462,605,2.9,-6.4,-3.5,0
1/31/1993,462,605,3.8,-4.1,-2.1,0
2/1/1993,462,605,-0.1,-6.1,-4.1,0
2/2/1993,462,605,1.3,-7.8,-4.6,0
2/3/1993,462,605,4.4,-5.3,-2.3,0
2/4/1993,462,605,5.2,-4,-1.1,3
2/5/1993,462,607,6.8,-3.3,-0.3,0
2/6/1993,462,607,5.4,-3.3,0,0
2/7/1993,462,607,9.2,-2.9,0.3,0
2/8/1993,462,607,7.2,-3,0,3
2/9/1993,465,610,1,-1.2,-0.3,0
2/10/1993,465,610,1.8,-2.1,-0.5,0
2/11/1993,465,610,4.8,-2.4,0,0
2/12/1993,465,610,0.6,-2.3,-1.5,3
2/13/1993,465,612,0.7,-3,-1.8,0
2/14/1993,465,612,-0.7,-12.4,-4.4,0
2/15/1993,465,612,-10.1,-17.9,-14.6,0
2/16/1993,465,612,-11.2,-21.4,-17.4,0
2/17/1993,465,612,-4,-22.2,-15,0
2/18/1993,467,612,-4.9,-12.2,-7.9,13
2/19/1993,480,625,1.1,-9.6,-3.4,13
2/20/1993,485,638,-0.1,-10.1,-5.2,0
2/21/1993,485,638,-3.9,-9.8,-7.2,8
2/22/1993,488,645,-4.4,-10.4,-7.5,3
2/23/1993,495,648,-0.7,-13.7,-8.2,3
2/24/1993,498,650,0.8,-14.6,-9.6,0
2/25/1993,498,650,-6.4,-11.4,-9.1,0
2/26/1993,498,650,1,-15.5,-9.5,0
2/27/1993,500,650,3.4,-12.8,-6.8,0
2/28/1993,503,650,5.6,-9.3,-4.1,3
3/1/1993,505,653,8.9,-5.9,-0.8,13
3/2/1993,526,665,1.8,-5.6,-2.2,0
3/3/1993,526,665,7.4,-7.1,-1.2,3
3/4/1993,528,668,2.2,-3.1,-0.2,13
3/5/1993,544,681,3.1,0.1,1.3,8
3/6/1993,559,688,11.9,0.7,3.7,0
3/7/1993,533,688,12.8,-0.8,3.5,0
3/8/1993,518,688,3.6,-3.7,0.4,0
3/9/1993,516,688,8.8,-6.4,-1.3,0
3/10/1993,513,688,8.8,-7.1,-2.3,0
3/11/1993,513,688,4.1,-8,-3.7,0
3/12/1993,518,688,5.9,-9.7,-2.5,0
3/13/1993,521,688,9,-6.2,-0.1,0
3/14/1993,521,688,1,-0.8,0,38
3/15/1993,559,726,3.9,-4.8,-0.1,15
3/16/1993,541,742,7.5,-7.6,-1.3,3
3/17/1993,538,744,8.1,-2.8,1.8,10
3/18/1993,538,754,4.9,1,2.4,10
3/19/1993,521,765,8.8,-2.3,1.2,3
3/20/1993,518,767,2.1,-0.6,0.2,18
3/21/1993,531,785,7.2,-2.6,1.4,0
3/22/1993,531,785,11.7,-0.7,4.1,3
3/23/1993,526,787,5.7,-0.1,2.9,15
3/24/1993,526,803,4,-0.7,0.9,0
3/25/1993,513,803,6.7,-1.1,1.4,3
3/26/1993,511,805,5.8,0.1,1.8,0
3/27/1993,505,805,10.1,-1.3,2.2,0
3/28/1993,500,805,12.4,-1.8,1.8,0
3/29/1993,498,805,8.1,-2.2,1.1,0
3/30/1993,498,805,6.6,-2.5,1.2,0
3/31/1993,498,805,13.8,-2.3,3.7,3
4/1/1993,490,808,11.6,0.1,2.6,3
4/2/1993,485,810,,,,8
4/3/1993,485,818,5.1,1.2,2.9,15
4/4/1993,483,833,5.7,-1.5,0.5,8
4/5/1993,478,841,6.6,-3,0,0
4/6/1993,478,841,10,-4,1.3,3
4/7/1993,467,843,8.6,-0.5,1.6,3
4/8/1993,465,846,15.3,-0.6,4.1,15
4/9/1993,465,861,6.3,-0.2,1.3,5
4/10/1993,452,866,4.6,-1.6,0.2,8
4/11/1993,460,874,6.5,-2,0,8
4/12/1993,465,881,5.7,-3.2,0,0
4/13/1993,465,881,10.7,-3.4,2.1,3
4/14/1993,455,884,9.3,-2,1.5,3
4/15/1993,452,886,5.9,-2.6,0.7,3
4/16/1993,447,889,11.4,-0.8,3.6,3
4/17/1993,437,892,13.9,0.7,4.1,10
4/18/1993,429,902,4.5,-0.3,1.1,15
4/19/1993,429,917,10,-2,1,0
4/20/1993,427,917,15.2,-3,4.4,3
4/21/1993,411,919,12.8,0.8,4.1,0
4/22/1993,404,919,9.3,-0.3,2.3,0
4/23/1993,394,919,9.6,-1.1,2.1,3
4/24/1993,384,922,8.7,-1.2,2,8
4/25/1993,381,930,9.5,-0.1,3.6,30
4/26/1993,389,960,8,-0.7,1.1,10
4/27/1993,384,970,9.3,-0.9,2.3,0
4/28/1993,373,970,9.5,-1.6,2.9,3
4/29/1993,366,973,6,0.7,2.6,5
4/30/1993,358,978,10,0.6,3.1,8
5/1/1993,345,986,11.7,0.4,4.9,10
5/2/1993,328,996,11.5,-1.1,3.5,0
5/3/1993,305,996,10.2,-1.5,2.3,20
5/4/1993,300,1016,4.8,-0.2,1.6,10
5/5/1993,302,1026,15,1.4,5.4,5
5/6/1993,282,1031,4.9,0.4,3.4,3
5/7/1993,269,1034,7,-1.2,0.8,5
5/8/1993,269,1039,8.3,-0.2,1.9,5
5/9/1993,264,1044,16.1,-0.1,6.2,5
5/10/1993,239,1049,,,,3
5/11/1993,193,1052,26.9,6.7,13.9,0
5/12/1993,142,1052,,,,0
5/13/1993,91,1052,,,,0
5/14/1993,48,1052,22.2,6.3,11.9,0
5/15/1993,5,1052,,,,0
5/16/1993,0,1052,,,,0
5/17/1993,0,1052,23.9,6.5,13.5,0
5/18/1993,0,1052,25.4,7.4,15.2,3
5/19/1993,0,1054,26,9.4,16.3,0
5/20/1993,0,1054,16,7.4,10.7,8
5/21/1993,0,1062,,,,0
5/22/1993,0,1062,11.3,3.4,6.3,0
5/23/1993,0,1062,14.4,3.1,7.7,0
5/24/1993,0,1062,21.2,1.8,10.6,5
5/25/1993,0,1067,24.3,5.2,14.1,8
5/26/1993,0,1074,,,,8
5/27/1993,0,1082,23.5,6.4,13.9,0
5/28/1993,0,1082,19.4,5.3,11,5
5/29/1993,0,1087,17.4,4.7,9.8,3
5/30/1993,0,1090,19.5,5.2,12.4,3
5/31/1993,0,1092,21.7,8,14.1,0
6/1/1993,0,1092,15.2,6.1,9,5
6/2/1993,0,1097,12.5,6.4,8.1,3
6/3/1993,0,1100,15.4,4.1,9.1,0
6/4/1993,0,1100,13.4,5.5,9,3
6/5/1993,0,1102,,,,0
6/6/1993,0,1102,16.1,7,11.8,3
6/7/1993,0,1105,8.6,4.6,6.5,0
6/8/1993,0,1105,11,3.2,6,0
6/9/1993,0,1105,14.8,2.4,8.9,3
6/10/1993,0,1107,15.3,3.8,8.9,0
6/11/1993,0,1107,8.5,2,3.8,5
6/12/1993,0,1113,7.8,0.3,3.4,10
6/13/1993,0,1123,18.6,1.7,9.7,5
6/14/1993,0,1128,,,,3
6/15/1993,0,1130,14.2,7,9.6,5
6/16/1993,0,1135,,,,8
6/17/1993,0,1143,20.6,4.7,11.7,0
6/18/1993,0,1143,25.1,8.6,15.6,3
6/19/1993,0,1146,25.8,10.1,17.3,0
6/20/1993,0,1146,,,,3
6/21/1993,0,1148,19.3,4.8,11.6,10
6/22/1993,0,1158,8,0.6,3.7,0
6/23/1993,0,1158,7.4,1.1,4.1,3
6/24/1993,0,1161,16.1,3.6,8.5,3
6/25/1993,0,1163,23,6.1,13.8,3
6/26/1993,0,1166,28.2,9.2,16.9,3
6/27/1993,0,1168,17.2,5.2,11.7,0
6/28/1993,0,1168,,,,0
6/29/1993,0,1168,12.7,3.7,6.5,0
6/30/1993,0,1168,16,3.8,9.6,3
7/1/1993,0,1171,,,,3
7/2/1993,0,1173,,,,18
7/3/1993,0,1191,11,6,7.8,5
7/4/1993,0,1196,13.2,6.6,8.7,10
7/5/1993,0,1206,16.1,5.5,10.1,3
7/6/1993,0,1209,14,5,8,0
7/7/1993,0,1209,,,,3
7/8/1993,0,1212,19,5.2,11.2,0
7/9/1993,0,1212,,,,0
7/10/1993,0,1212,16.2,5.7,9.6,0
7/11/1993,0,1212,19.3,5.6,11.6,0
7/12/1993,0,1212,12.8,2.8,6.8,0
7/13/1993,0,1212,17.4,1.6,8.8,13
7/14/1993,0,1224,10.5,3.9,6.8,18
7/15/1993,0,1242,15,4.1,7.8,0
7/16/1993,0,1242,14.5,4.3,8.6,3
7/17/1993,0,1245,12.5,6.2,7.8,15
7/18/1993,0,1260,17.3,5,9.1,3
7/19/1993,0,1262,19.7,5,11.4,3
7/20/1993,0,1265,14.2,5.5,8.9,5
7/21/1993,0,1270,12.3,5.5,8,0
7/22/1993,0,1270,,,,5
7/23/1993,0,1275,14.9,7.5,9.8,8
7/24/1993,0,1283,15.2,7.2,9.6,0
7/25/1993,0,1283,16.1,6.4,9.7,13
7/26/1993,0,1295,16.8,7.1,10.8,8
7/27/1993,0,1303,22.9,8.5,14,3
7/28/1993,0,1306,29.7,10,18.9,3
7/29/1993,0,1308,,,,0
7/30/1993,0,1308,18.2,4.7,9.1,0
7/31/1993,0,1308,21,5.4,12.1,0
8/1/1993,0,1308,23.6,7.2,14.3,0
8/2/1993,0,1308,25.5,9.4,16.4,3
8/3/1993,0,1311,24.7,8.8,16.3,0
8/4/1993,0,1311,25.7,10.1,16.9,0
8/5/1993,0,1311,25.5,10.1,16.9,0
8/6/1993,0,1311,26.7,10.9,17.5,0
8/7/1993,0,1311,23.8,10.1,16.1,0
8/8/1993,0,1311,24.4,9.9,15.9,0
8/9/1993,0,1311,25.2,9.3,16.1,0
8/10/1993,0,1311,23.9,10.5,15.5,0
8/11/1993,0,1311,21.2,8.7,13.5,0
8/12/1993,0,1311,23.7,8,16.4,0
8/13/1993,0,1311,22.1,9.2,14.3,0
8/14/1993,0,1311,24.2,7.8,14.3,10
8/15/1993,0,1321,16,9.1,11,0
8/16/1993,0,1321,16.6,7.7,10.7,0
8/17/1993,0,1321,14.1,7.6,9.7,10
8/18/1993,0,1331,22.1,6.7,12.5,3
8/19/1993,0,1334,28.3,9.1,16.4,3
8/20/1993,0,1336,24.8,11.3,16,0
8/21/1993,0,1336,13.9,8.9,11.6,0
8/22/1993,0,1336,21.3,6.4,12.4,0
8/23/1993,0,1336,17.6,7.4,12.3,0
8/24/1993,0,1336,12,1.9,6.3,0
8/25/1993,0,1336,14.1,0.9,6,0
8/26/1993,0,1336,17.9,2.4,8.7,0
8/27/1993,0,1336,17.5,4.7,10.1,0
8/28/1993,0,1336,8.4,2.4,6.5,5
8/29/1993,0,1341,15.9,1.3,7.1,0
8/30/1993,0,1341,20.7,2.5,9.3,3
8/31/1993,0,1344,19.4,5,10.7,0
9/1/1993,0,1344,20,7.9,11.9,0
9/2/1993,0,1344,23.1,5.7,12.8,3
9/3/1993,0,1346,24.5,9.9,15.4,0
9/4/1993,0,1346,24.3,10.4,15.3,0
9/5/1993,0,1346,23,9.2,13.8,0
9/6/1993,0,1346,22.9,6.6,12.4,0
9/7/1993,0,1346,24.1,6.3,13.3,0
9/8/1993,0,1346,25.2,10.6,15.5,0
9/9/1993,0,1346,26.1,10,15.4,0
9/10/1993,0,1346,26,11.3,16.3,0
9/11/1993,0,1346,17.9,5,12.8,0
9/12/1993,0,1346,12.2,1.4,4.5,0
9/13/1993,0,1346,14.8,0,5.7,0
9/14/1993,0,1346,15.5,2.9,7.6,0
9/15/1993,0,1346,8.9,2.9,5.5,5
9/16/1993,0,1351,15.1,1.1,6.1,3
9/17/1993,0,1354,17.5,1.6,6.8,0
9/18/1993,0,1354,15.9,2.9,7.3,0
9/19/1993,0,1354,14.6,2.1,6.4,0
9/20/1993,0,1354,6.8,-0.6,2.1,0
9/21/1993,0,1354,6.4,-0.8,2.3,0
9/22/1993,0,1354,13.6,-1.9,3.3,3
9/23/1993,0,1356,15.5,1,5.9,0
9/24/1993,0,1356,17,2.3,7.9,3
9/25/1993,0,1359,16.8,2.7,7.5,0
9/26/1993,0,1359,19.9,4,9.4,0
9/27/1993,0,1359,22.4,6.2,11.8,3
9/28/1993,0,1361,22.7,8,12.2,0
9/29/1993,0,1361,23.2,8.2,13.8,0
9/30/1993,0,1361,,,,0
10/1/1993,0,0,,,,0
10/2/1993,0,0,20.4,6.1,10.6,0
10/3/1993,0,0,23.7,6.8,12.4,0
10/4/1993,0,0,22.3,8.3,12.8,0
10/5/1993,0,0,22.8,9.3,13,0
10/6/1993,0,0,12.4,7.2,9.5,0
10/7/1993,0,0,7.1,2.3,4.4,5
10/8/1993,0,5,7.5,0.5,3.4,0
10/9/1993,0,5,,,,0
10/10/1993,0,5,15.5,1.1,6,3
10/11/1993,0,8,,,,0
10/12/1993,0,8,14.8,4.1,8.1,3
10/13/1993,0,10,9.6,4.5,6.9,0
10/14/1993,0,10,6.8,4.4,5.7,5
10/15/1993,0,15,11.5,3.3,5.4,5
10/16/1993,0,20,7.5,2.1,4.9,5
10/17/1993,0,25,5.1,1.8,3.6,0
10/18/1993,0,25,6.6,0.3,3.3,0
10/19/1993,0,25,,,,0
10/20/1993,0,25,10.6,-2.3,1.6,0
10/21/1993,0,25,11.9,1.9,5.6,0
10/22/1993,0,25,13.6,2.3,6.2,0
10/23/1993,0,25,,,,0
10/24/1993,0,25,9.4,-1.4,3.9,0
10/25/1993,0,25,10.1,-1.5,1.5,0
10/26/1993,0,25,10.4,-1.6,2.1,0
10/27/1993,0,25,10,0.3,4.8,0
10/28/1993,0,25,7.9,-1.7,2.7,0
10/29/1993,0,25,7.4,-3.8,-0.1,0
10/30/1993,0,25,,,,0
10/31/1993,0,25,4.5,-1.1,1.9,0
11/1/1993,0,25,3.6,-4,-1.7,10
11/2/1993,0,36,6.7,-1.7,2.6,5
11/3/1993,0,41,7.2,-2.1,2.7,0
11/4/1993,0,41,-0.1,-3.5,-1.8,0
11/5/1993,0,41,1.8,-6.5,-3.1,0
11/6/1993,0,41,1.7,-4.8,-2.4,0
11/7/1993,0,41,,,,0
11/8/1993,0,41,4.6,-3.6,-1.3,0
11/9/1993,0,41,6.3,-4,0,0
11/10/1993,0,41,6.5,-2.1,0.5,0
11/11/1993,0,41,5.7,-3.1,-1,0
11/12/1993,0,41,-1.1,-3.7,-3.1,0
11/13/1993,0,41,-2.3,-7,-3.7,0
11/14/1993,0,41,-3.4,-7.4,-5.5,3
11/15/1993,3,43,1.3,-3.4,-1,0
11/16/1993,3,43,1.6,-3.3,-1.2,0
11/17/1993,13,43,-0.5,-2.6,-1.6,30
11/18/1993,38,74,-1.1,-5.7,-4.2,0
11/19/1993,41,74,1.3,-5.4,-3.5,0
11/20/1993,41,74,2,-6.2,-2.1,3
11/21/1993,43,76,,,,10
11/22/1993,53,86,-2.7,-16.3,-9.1,0
11/23/1993,53,86,-14.6,-21.7,-17.4,0
11/24/1993,53,86,-10.6,-21.4,-17.1,0
11/25/1993,53,86,,,,0
11/26/1993,53,86,-4.4,-13.7,-10.4,0
11/27/1993,53,86,-1,-9.6,-5.3,3
11/28/1993,56,89,2.6,-3.6,-1.1,5
11/29/1993,58,94,3.2,-1.3,0.5,13
11/30/1993,69,107,-0.2,-2.8,-2.1,15
12/1/1993,84,122,,,,46
12/2/1993,124,168,-0.6,-2,-1.3,5
12/3/1993,127,173,0.8,-1.8,-0.3,3
12/4/1993,130,175,0.7,-4.7,-2.1,13
12/5/1993,145,188,-2.9,-9.1,-6.7,0
12/6/1993,145,188,-3.7,-9.5,-6.5,0
12/7/1993,147,188,-0.5,-4.7,-2.3,15
12/8/1993,157,203,1.1,-1.1,-0.2,25
12/9/1993,183,229,0.7,-2.3,-0.8,5
12/10/1993,188,234,,,,3
12/11/1993,188,236,4.5,-1.5,1.5,3
12/12/1993,190,239,-1.6,-6.6,-4.1,0
12/13/1993,190,239,1,-6.6,-2.6,0
12/14/1993,193,239,0.4,-4.7,-2,3
12/15/1993,196,241,-2.4,-7,-4.5,0
12/16/1993,196,241,-2.3,-8,-6.2,0
12/17/1993,196,241,-4.6,-6.5,-5.4,0
12/18/1993,196,241,,,,0
12/19/1993,196,241,-5,-6.7,-5.8,0
12/20/1993,196,241,-4.9,-6.9,-5.9,0
12/21/1993,196,241,-3.3,-8.2,-6.3,0
12/22/1993,196,241,-5.7,-7.7,-7,5
12/23/1993,201,246,-4.7,-9.2,-7,0
12/24/1993,201,246,-2.5,-7.7,-5.6,0
12/25/1993,201,246,-0.3,-5.2,-3.8,0
12/26/1993,201,246,0,-5.5,-3.4,0
12/27/1993,201,246,0.4,-7.5,-4.9,0
12/28/1993,201,246,0.3,-7.8,-4.1,0
12/29/1993,201,246,1.5,-3.7,-1.6,3
12/30/1993,201,249,2.8,-2.9,-0.8,15
12/31/1993,216,264,0,-2.9,-1.6,10
1/1/1994,226,274,-0.7,-1.6,-1.1,28
1/2/1994,254,302,,,,20
1/3/1994,274,323,3.2,-0.5,0.7,5
1/4/1994,277,328,,,,5
1/5/1994,277,333,-1.1,-4.2,-2.3,28
1/6/1994,302,361,-3.8,-7,-5.3,0
1/7/1994,302,361,-3.2,-4.7,-4,0
1/8/1994,302,361,-0.1,-3.5,-1.8,8
1/9/1994,310,368,-0.3,-2,-1.1,13
1/10/1994,320,381,1.7,-1.9,-1,3
1/11/1994,323,384,0,-2,-1,15
1/12/1994,338,399,0.3,-0.6,-0.1,13
1/13/1994,351,411,2.4,0.2,1,5
1/14/1994,351,417,3.9,-0.2,1.2,0
1/15/1994,351,417,1.9,-1.7,-0.1,0
1/16/1994,351,417,-0.8,-2.4,-1.7,0
1/17/1994,351,417,5,-2.6,-0.4,0
1/18/1994,351,417,6,-1.6,1.7,0
1/19/1994,351,417,6.7,-2.3,0.3,0
1/20/1994,351,417,7.5,-2.4,0.8,0
1/21/1994,351,417,7.5,-1.1,2.3,3
1/22/1994,351,419,7.6,0,1.8,0
1/23/1994,351,419,9,0,2.1,0
1/24/1994,351,419,5.2,-2,-0.1,0
1/25/1994,351,419,4,-1.9,-0.1,0
1/26/1994,351,419,-0.1,-2.8,-1.6,3
1/27/1994,353,422,0.7,-6.2,-2.7,0
1/28/1994,353,422,0,-7,-4.6,0
1/29/1994,353,422,-3.6,-7.3,-4.6,0
1/30/1994,353,422,-2.8,-10.3,-7.8,0
1/31/1994,353,422,-0.4,-9.9,-7.1,0
2/1/1994,353,422,0.7,-10.5,-6.8,0
2/2/1994,353,422,2.3,-8.9,-5.7,0
2/3/1994,353,422,0.5,-9.8,-6.4,0
2/4/1994,353,422,-3.9,-12,-9.1,0
2/5/1994,353,422,1.3,-12.6,-6.6,0
2/6/1994,353,422,1.1,-8.6,-3.8,0
2/7/1994,353,422,-4.2,-24.1,-14.1,0
2/8/1994,353,422,-6.8,-24.4,-15.4,0
2/9/1994,353,422,-4.5,-10.7,-6.8,13
2/10/1994,366,434,-1.7,-9.5,-5.6,3
2/11/1994,368,437,-4.3,-10,-6.4,0
2/12/1994,368,437,,,,5
2/13/1994,373,442,0.8,-3.9,-2.6,8
2/14/1994,381,450,2.2,-5.3,-2.9,0
2/15/1994,381,450,2.5,-4.3,-0.8,0
2/16/1994,381,450,7.7,-4.1,2.1,3
2/17/1994,384,452,6.5,-1.1,2.3,3
2/18/1994,386,455,-0.7,-4.6,-3.1,5
2/19/1994,391,460,-1.3,-4.5,-3.6,13
2/20/1994,404,472,4.4,-4.7,-2.1,3
2/21/1994,406,475,4.3,-4.8,-2.2,13
2/22/1994,419,488,-2.6,-5.4,-4.5,10
2/23/1994,429,498,-1.3,-7.6,-3.3,38
2/24/1994,470,536,-2.7,-11.9,-8.4,3
2/25/1994,472,538,-0.4,-9.6,-4.2,10
2/26/1994,483,549,2.6,-1.8,0.1,3
2/27/1994,485,551,,,,5
2/28/1994,490,556,2.7,-1.6,0.7,13
3/1/1994,503,569,12.4,0.9,3.6,0
3/2/1994,495,569,12,1.3,4.1,0
3/3/1994,488,569,5.4,1.1,2.8,15
3/4/1994,483,584,4.1,-3.9,1.1,5
3/5/1994,475,589,3.8,-6.3,-3,0
3/6/1994,472,589,5.7,-7.3,-3.2,0
3/7/1994,472,589,6.2,-8.1,-2.6,0
3/8/1994,472,589,8.6,-7.3,-2,0
3/9/1994,472,589,12,-6.3,0.7,3
3/10/1994,475,592,1.7,-0.8,0.3,8
3/11/1994,483,599,3.6,-2.4,0,0
3/12/1994,483,599,9.8,-3.1,1.4,0
3/13/1994,480,599,11.3,0.6,4.6,0
3/14/1994,472,599,14.1,-0.8,4.2,3
3/15/1994,462,602,15.6,0.6,5.3,0
3/16/1994,450,602,3.5,-2.2,0,3
3/17/1994,452,605,0.7,-2.8,-1.1,18
3/18/1994,470,622,,,,15
3/19/1994,485,638,-1.1,-6.3,-4.6,3
3/20/1994,488,640,4.3,-6.7,-2,3
3/21/1994,493,643,1.8,-6.9,-2.4,5
3/22/1994,498,648,3,-10.6,-5.3,0
3/23/1994,498,648,5.6,-8.6,-4.9,0
3/24/1994,498,648,8,-8.4,-3.3,3
3/25/1994,500,650,9.3,-7.9,-1.2,0
3/26/1994,498,650,12.2,-4.1,1.8,0
3/27/1994,490,650,15,-2.1,4.1,3
3/28/1994,480,653,14.4,-1.2,5,0
3/29/1994,465,653,16.6,-3.4,3.9,0
3/30/1994,452,653,18.5,0.3,6,3
3/31/1994,434,655,15.5,-0.5,4.7,0
4/1/1994,414,655,6.6,-0.2,2.1,0
4/2/1994,409,655,16.1,-0.1,5,0
4/3/1994,394,655,3.7,-0.5,1.4,0
4/4/1994,386,655,2.3,-1.9,-0.3,5
4/5/1994,394,660,2.6,-2,-0.2,0
4/6/1994,394,660,2.6,-0.8,0.2,13
4/7/1994,406,673,4.7,-3.2,-0.9,8
4/8/1994,417,681,12.1,-3.6,1.8,5
4/9/1994,417,686,4.7,-1.2,1.4,0
4/10/1994,406,686,10.5,-0.1,2.3,0
4/11/1994,404,686,15.6,-1,4.3,3
4/12/1994,396,688,7.5,-0.6,2.5,5
4/13/1994,394,693,4.9,-1.5,0.5,0
4/14/1994,389,693,5.2,-4.3,0.3,3
4/15/1994,384,696,16.8,-2,5.6,5
4/16/1994,366,701,16.5,3.3,7.6,0
4/17/1994,343,701,18.2,4.7,8.9,0
4/18/1994,312,701,17.2,4.4,7.8,0
4/19/1994,290,701,15.1,3.5,6.3,0
4/20/1994,272,701,19.8,3.5,7.6,3
4/21/1994,249,704,11.2,2.8,6.1,0
4/22/1994,236,704,9.5,0.4,3.3,0
4/23/1994,229,704,,,,3
4/24/1994,206,706,7,0.7,3.5,0
4/25/1994,193,706,6.6,-1.8,2.3,3
4/26/1994,178,709,7.3,-3.3,2.1,0
4/27/1994,163,709,9.4,-2.1,2.4,0
4/28/1994,147,709,10.9,-3.2,2.8,3
4/29/1994,127,711,15.3,-2.6,5.5,0
4/30/1994,97,711,5.1,-0.8,2.1,0
5/1/1994,91,711,12.4,-1.7,3.8,3
5/2/1994,69,714,12.1,1,5.2,0
5/3/1994,48,714,15,0,6.3,3
5/4/1994,15,716,7.8,2.3,5,0
5/5/1994,0,716,17.1,1.6,7.4,5
5/6/1994,0,721,22.3,2.9,11,3
5/7/1994,0,724,24.4,6.4,14,3
5/8/1994,0,726,24.6,8.2,14.9,0
5/9/1994,0,726,25,9.1,15.5,0
5/10/1994,0,726,21.7,8.2,13.3,0
5/11/1994,0,726,26.5,7.8,15.4,0
5/12/1994,0,726,18.2,6.4,11.5,0
5/13/1994,0,726,13.2,2,6.9,0
5/14/1994,0,726,17.4,0.7,8.2,0
5/15/1994,0,726,14,0.2,5.6,0
5/16/1994,0,726,12.9,0.9,5.8,0
5/17/1994,0,726,7,0.7,4.7,0
5/18/1994,0,726,14.5,4.1,6.6,3
5/19/1994,0,729,11.2,2.9,6,0
5/20/1994,0,729,9.2,3,4.9,25
5/21/1994,0,754,13.6,3.4,6.5,10
5/22/1994,0,765,15.8,4.9,8.6,0
5/23/1994,0,765,21.3,4.6,11.5,0
5/24/1994,0,765,23.2,6.2,14.1,0
5/25/1994,0,765,24.9,7.9,16.2,0
5/26/1994,0,765,20.5,8.3,13.6,0
5/27/1994,0,765,12.1,1.5,6.5,0
5/28/1994,0,765,14.2,1.3,5.4,0
5/29/1994,0,765,9.3,1.8,4.9,3
5/30/1994,0,767,15.6,0.3,7,5
5/31/1994,0,772,18,3.1,9.8,3
6/1/1994,0,775,13.1,3.4,7.1,3
6/2/1994,0,777,20.1,2.1,11,5
6/3/1994,0,782,23.6,6.5,14.6,3
6/4/1994,0,785,15.5,5.1,8.9,3
6/5/1994,0,787,22.5,3.9,12.4,5
6/6/1994,0,792,9.5,2.5,5.7,10
6/7/1994,0,803,9.6,1.2,4.2,3
6/8/1994,0,805,9.9,1.8,5.2,3
6/9/1994,0,808,16.2,2.6,9.1,3
6/10/1994,0,810,22.3,4.8,12.4,3
6/11/1994,0,813,21.9,9.1,15.4,3
6/12/1994,0,815,20.9,7.6,12.9,0
6/13/1994,0,815,11.4,1.2,7.6,0
6/14/1994,0,815,7.1,0.3,2.6,10
6/15/1994,0,826,10.1,0.3,4.1,10
6/16/1994,0,836,11.2,2.6,4.9,8
6/17/1994,0,843,17.6,1.7,8.2,3
6/18/1994,0,846,14.4,2.7,7.3,0
6/19/1994,0,846,22.5,2.2,11.8,5
6/20/1994,0,851,29.5,8.1,17.3,5
6/21/1994,0,856,27.4,10.9,18.1,0
6/22/1994,0,856,29.2,12,19.5,0
6/23/1994,0,856,26,10.4,17.6,0
6/24/1994,0,856,19.5,4.7,11.4,0
6/25/1994,0,856,27.6,5.4,15.7,0
6/26/1994,0,856,11.8,4,5.6,8
6/27/1994,0,864,21.4,3.6,11.7,5
6/28/1994,0,869,26,7.6,16.3,3
6/29/1994,0,871,23.2,10.9,16.4,0
6/30/1994,0,871,25.7,9.8,16.4,0
7/1/1994,0,871,21.2,7.5,14.7,0
7/2/1994,0,871,11.1,3.6,8.1,0
7/3/1994,0,871,14.2,3.2,7.8,0
7/4/1994,0,871,19.2,5.1,11,0
7/5/1994,0,871,18.5,6.1,9.4,0
7/6/1994,0,871,15.4,6.2,8.9,3
7/7/1994,0,874,25.4,6.9,15,3
7/8/1994,0,876,27.5,10.9,18.7,3
7/9/1994,0,879,26.8,12.1,18.7,0
7/10/1994,0,879,23.6,7.8,15.3,0
7/11/1994,0,879,24.9,9.8,16.3,0
7/12/1994,0,879,25,10.4,16.3,0
7/13/1994,0,879,25.7,9.8,17.1,0
7/14/1994,0,879,25.7,10.1,16.9,0
7/15/1994,0,879,26.9,9.1,16.5,0
7/16/1994,0,879,28.3,10.5,18.1,0
7/17/1994,0,879,29.8,14.1,20.6,0
7/18/1994,0,879,21.6,10.6,16,0
7/19/1994,0,879,25.6,8.3,16.1,0
7/20/1994,0,879,30.3,10.4,19.3,0
7/21/1994,0,879,32.5,14.8,22.3,3
7/22/1994,0,881,33.8,15.9,23.2,0
7/23/1994,0,881,33.2,15.5,23.3,0
7/24/1994,0,881,31.9,16.2,21.6,0
7/25/1994,0,881,31.1,13,21.1,0
7/26/1994,0,881,29.2,13.5,20,0
7/27/1994,0,881,31,12.9,20.7,0
7/28/1994,0,881,31.5,12.9,20.8,0
7/29/1994,0,881,32.4,14.3,21.9,0
7/30/1994,0,881,25.7,11,16.2,0
7/31/1994,0,881,29.9,9.3,19.2,3
8/1/1994,0,884,31.3,12.7,20.7,0
8/2/1994,0,884,31.5,14.5,21.9,0
8/3/1994,0,884,32.8,15.2,22.3,0
8/4/1994,0,884,31,12.9,20.9,0
8/5/1994,0,884,23.6,9.9,16.4,0
8/6/1994,0,884,23.3,7.1,14.1,0
8/7/1994,0,884,29.3,10.3,18.5,0
8/8/1994,0,884,22.3,8.3,13.9,0
8/9/1994,0,884,23,6,13.2,0
8/10/1994,0,884,30.6,9.5,18.7,0
8/11/1994,0,884,30.1,13,20.2,0
8/12/1994,0,884,31,13.1,20.4,0
8/13/1994,0,884,33.7,14.1,22.2,0
8/14/1994,0,884,34.2,15.2,22.4,0
8/15/1994,0,884,23.9,9.8,16.1,0
8/16/1994,0,884,25.5,7.8,14.9,0
8/17/1994,0,884,23.3,8,14.1,0
8/18/1994,0,884,27.8,8.4,16.6,0
8/19/1994,0,884,27.4,11.8,18.3,0
8/20/1994,0,884,26,8.1,15.9,0
8/21/1994,0,884,23.4,7.8,14.2,0
8/22/1994,0,884,15.1,6.6,10,0
8/23/1994,0,884,23.2,6.4,13.3,0
8/24/1994,0,884,22.6,8.3,13.9,0
8/25/1994,0,884,25.4,8.2,14.6,0
8/26/1994,0,884,19.4,6.7,11.6,0
8/27/1994,0,884,25.2,5.2,13.5,0
8/28/1994,0,884,30.1,10.4,17.7,0
8/29/1994,0,884,18.9,8.3,12.2,0
8/30/1994,0,884,22.8,6.6,12.8,0
8/31/1994,0,884,24.3,6.1,14.1,0
9/1/1994,0,884,25.2,5.7,14,0
9/2/1994,0,884,22.7,8.3,13.7,0
9/3/1994,0,884,10.2,5.2,8.1,20
9/4/1994,0,904,13.1,4.9,7.7,5
9/5/1994,0,909,22.2,3.4,10.1,3
9/6/1994,0,912,27.4,7,14.9,3
9/7/1994,0,914,28.5,9.3,16.2,0
9/8/1994,0,914,23.2,8.6,14.2,0
9/9/1994,0,914,8.9,3,5.8,0
9/10/1994,0,914,13.9,3.7,6.7,3
9/11/1994,0,917,13.2,2.8,6,3
9/12/1994,0,919,18.9,2.1,7.7,3
9/13/1994,0,922,16.7,3.6,8.5,0
9/14/1994,0,922,12.7,4.7,8.3,3
9/15/1994,0,925,15.7,6.3,9.9,0
9/16/1994,0,925,23.6,6.4,12.1,3
9/17/1994,0,927,26,9.7,15.2,0
9/18/1994,0,927,26.3,10.7,15.8,0
9/19/1994,0,927,26.7,10.4,15.2,0
9/20/1994,0,927,24.6,9.9,15.1,0
9/21/1994,0,927,19.5,7.2,11.1,0
9/22/1994,0,927,24.5,6.5,13.1,0
9/23/1994,0,927,26.9,9.7,15.5,0
9/24/1994,0,927,28.2,10.5,16.1,0
9/25/1994,0,927,26.2,12.2,16.4,0
9/26/1994,0,927,24.8,10.9,15.2,0
9/27/1994,0,927,24.9,9.7,14.8,0
9/28/1994,0,927,25.5,9.4,14.9,0
9/29/1994,0,927,14.1,7,11,0
9/30/1994,0,927,17.7,6.3,9.7,0
10/1/1994,0,0,17.1,4.3,10.3,0
10/2/1994,0,0,9.6,-0.8,2.9,0
10/3/1994,0,0,9.2,-2.7,3.1,0
10/4/1994,0,0,14,-2.8,4.6,0
10/5/1994,0,0,14.5,3.5,7.2,0
10/6/1994,0,0,14.3,1.1,5.5,0
10/7/1994,0,0,14.5,1.7,6.1,0
10/8/1994,0,0,18.2,1.7,7.8,0
10/9/1994,0,0,20.2,6.1,11.4,0
10/10/1994,0,0,18.7,5.1,8.6,0
10/11/1994,0,0,8.3,-0.8,3.3,0
10/12/1994,0,0,11.9,-0.7,3.3,3
10/13/1994,0,3,13,0.5,4.4,0
10/14/1994,0,3,6.3,-1.1,1.2,15
10/15/1994,0,18,4.2,-1,0.8,3
10/16/1994,0,20,10.8,-0.5,2.4,0
10/17/1994,0,20,9.9,-0.3,3.3,0
10/18/1994,0,20,6.1,-0.1,2.3,0
10/19/1994,0,20,10.8,-1.1,3.4,0
10/20/1994,0,20,5.1,-0.3,2.8,5
10/21/1994,0,25,5.1,-1.2,2.7,3
10/22/1994,0,28,4.5,-2.8,0.3,0
10/23/1994,0,28,9.6,-0.1,2.4,0
10/24/1994,0,28,11.5,-0.2,3.6,3
10/25/1994,5,30,15.9,3.1,6.8,3
10/26/1994,8,33,10.4,3.8,6.2,25
10/27/1994,10,58,4.7,1,3.1,56
10/28/1994,8,114,0.9,-1.5,-0.4,8
10/29/1994,10,122,1.5,-4.3,-1.6,0
10/30/1994,10,122,-0.9,-4.5,-2.2,8
10/31/1994,18,130,3.6,-1.2,0.2,56
11/1/1994,51,185,-0.9,-3.8,-2.5,15
11/2/1994,61,201,-1.1,-6.8,-4.2,0
11/3/1994,61,201,-2.5,-6.1,-4.6,3
11/4/1994,58,203,-2.3,-5.5,-3.6,20
11/5/1994,76,224,0.4,-6.2,-3.3,3
11/6/1994,74,226,3.5,-6.3,-2.5,5
11/7/1994,79,231,-0.8,-4.8,-3.2,0
11/8/1994,79,231,1.1,-7.6,-3.6,3
11/9/1994,79,234,0.6,-2.8,-0.5,5
11/10/1994,84,239,2.3,-1.8,0,0
11/11/1994,84,239,2.6,-2,-0.6,0
11/12/1994,84,239,-0.3,-4.3,-2.2,15
11/13/1994,97,254,-2.4,-6.6,-4,0
11/14/1994,97,254,1.5,-3.3,-2.1,0
11/15/1994,97,254,-0.3,-5.8,-2.6,5
11/16/1994,99,259,-2.3,-5.4,-3.6,23
11/17/1994,119,282,-2.6,-12.1,-6.7,5
11/18/1994,124,287,-6.4,-12.7,-8.9,0
11/19/1994,124,287,-2.3,-7.4,-4.9,15
11/20/1994,137,302,-1.8,-8.6,-5.2,18
11/21/1994,152,320,-5.6,-14,-10.6,0
11/22/1994,152,320,-2.3,-14.6,-9.4,0
11/23/1994,152,320,-2.9,-7.2,-3.8,3
11/24/1994,152,323,2.1,-3.3,-1.1,3
11/25/1994,155,325,0.3,-3.8,-1.2,18
11/26/1994,173,343,-3.7,-5.8,-5,5
11/27/1994,178,348,-4.3,-6.3,-5.3,20
11/28/1994,196,368,-4.6,-6.1,-5.3,8
11/29/1994,203,376,0,-4.9,-3,20
11/30/1994,224,396,2.3,0,1.1,25
12/1/1994,234,422,0.5,-2.9,-0.9,10
12/2/1994,234,432,-2.2,-4.9,-3.6,15
12/3/1994,249,447,-3.9,-13.7,-7.7,0
12/4/1994,249,447,-9.2,-17.4,-13,3
12/5/1994,249,450,-4.9,-17.4,-12,5
12/6/1994,254,455,-4.3,-10.4,-7.8,0
12/7/1994,254,455,-5.4,-8.9,-7.4,5
12/8/1994,259,460,-6.2,-8.8,-7.3,5
12/9/1994,262,465,-3.9,-7.8,-6.4,8
12/10/1994,267,472,-1.8,-7.2,-4.7,0
12/11/1994,267,472,-2.3,-8.5,-5.4,3
12/12/1994,267,475,0.2,-7.7,-4.9,3
12/13/1994,269,478,-4.8,-7.5,-5.7,0
12/14/1994,269,478,-2.1,-7.8,-5.4,0
12/15/1994,269,478,-3.4,-5.1,-4.4,10
12/16/1994,279,488,-0.5,-3.4,-1.6,33
12/17/1994,310,521,2.9,-0.5,1.1,10
12/18/1994,320,531,3.4,-2.5,0.4,5
12/19/1994,323,536,1.7,-3.8,-0.8,5
12/20/1994,323,541,4.8,-0.1,2.2,0
12/21/1994,323,541,4.8,-2.3,0.5,0
12/22/1994,323,541,6,-2.5,0.7,0
12/23/1994,323,541,7.5,-2.1,0.7,0
12/24/1994,323,541,5.6,-0.5,1.8,0
12/25/1994,323,541,-0.1,-4.6,-2.2,5
12/26/1994,325,546,0,-1.7,-0.6,25
12/27/1994,348,572,4,-0.1,1.8,25
12/28/1994,356,597,2.5,-5.7,-2.3,10
12/29/1994,363,607,-5.3,-8.9,-6.3,0
12/30/1994,366,607,-5.6,-11.8,-9.3,0
12/31/1994,366,607,-7.8,-15.4,-13,0
1/1/1995,366,607,-5.9,-14,-11.7,0
1/2/1995,366,607,-6.3,-12.7,-11.5,0
1/3/1995,366,607,-5.8,-12,-10.7,0
1/4/1995,363,607,-4.3,-11.8,-9.3,0
1/5/1995,363,607,-3.5,-11.3,-8.8,0
1/6/1995,363,607,-3.6,-11,-6.8,0
1/7/1995,363,607,-0.3,-6.3,-2.6,3
1/8/1995,366,610,1,-0.7,0.1,8
1/9/1995,373,617,3.6,0,1.8,18
1/10/1995,389,635,3.8,-1,1.5,10
1/11/1995,384,645,1.6,-0.5,0.3,15
1/12/1995,391,660,2,-2.1,-0.3,5
1/13/1995,396,665,1.5,-1.3,0,10
1/14/1995,406,676,2.5,-1,0.6,13
1/15/1995,411,688,1.6,-2.6,-0.8,3
1/16/1995,414,691,0,-3.6,-2.2,0
1/17/1995,414,691,-3.1,-4.8,-4.1,8
1/18/1995,422,698,-0.8,-4.1,-2.1,23
1/19/1995,439,721,0.9,-7.1,-3.1,0
1/20/1995,439,721,-0.7,-7.2,-5.2,5
1/21/1995,439,726,-0.8,-7.7,-5.7,3
1/22/1995,442,729,-0.8,-7.8,-5.7,0
1/23/1995,442,729,-0.6,-7.3,-5.6,0
1/24/1995,444,729,2.7,-6.7,-2.5,0
1/25/1995,447,729,3.8,-1.7,0.5,0
1/26/1995,447,729,1.8,-2.7,-0.1,0
1/27/1995,447,729,0.2,-3.3,-1.8,0
1/28/1995,447,729,2.6,-5.3,-2.2,0
1/29/1995,447,729,3.8,-0.4,1.8,3
1/30/1995,450,732,4,0.1,2.2,8
1/31/1995,444,739,6.6,1.7,3.9,28
2/1/1995,432,767,6.3,-0.2,2.6,18
2/2/1995,429,785,3.8,-0.9,0.5,0
2/3/1995,422,785,6.5,-1.7,1.3,0
2/4/1995,422,785,9.2,0.2,2.1,3
2/5/1995,422,787,7.9,1,2.8,0
2/6/1995,422,787,8.8,0.3,2.3,0
2/7/1995,422,787,5.8,-0.9,1.6,0
2/8/1995,422,787,6.7,-3.5,-0.7,0
2/9/1995,422,787,2.4,-4.8,-1.6,0
2/10/1995,424,787,1.1,-8.8,-4.4,0
2/11/1995,424,787,-6.2,-12,-8.8,5
2/12/1995,429,792,-12.1,-16.7,-14.8,18
2/13/1995,442,810,-12.2,-18,-15.5,0
2/14/1995,442,810,-11.1,-16.1,-13.9,0
2/15/1995,442,810,-4.7,-12.7,-7.5,0
2/16/1995,442,810,0.8,-4.9,-2.1,0
2/17/1995,442,810,0.5,-1.7,-0.4,10
2/18/1995,452,820,3.6,-0.7,1.3,25
2/19/1995,450,846,6,3.2,4.7,61
2/20/1995,457,907,9.4,2.3,4.2,5
2/21/1995,432,912,9.3,1,3.4,0
2/22/1995,432,912,10.5,-1.6,2.1,0
2/23/1995,432,912,12.2,-1.8,3.3,0
2/24/1995,427,912,13.6,2.3,5.3,0
2/25/1995,422,912,8.8,-1.1,2.3,0
2/26/1995,419,912,9.6,-5.3,0.1,0
2/27/1995,417,912,3.4,-10.4,-5.5,0
2/28/1995,417,912,1.9,-10.8,-5.5,3
3/1/1995,417,914,-0.6,-11.3,-7.1,0
3/2/1995,417,914,5.6,-13.6,-6.3,0
3/3/1995,417,914,3.7,-6.8,-1.7,0
3/4/1995,417,914,-0.1,-4,-3,5
3/5/1995,419,919,0,-5.7,-4.3,0
3/6/1995,419,919,-1.6,-7.5,-5.2,13
3/7/1995,429,932,5.8,-8.8,-3.3,3
3/8/1995,432,935,4.7,-3.8,-0.2,3
3/9/1995,432,937,5.9,1.1,3.4,28
3/10/1995,429,965,10.3,0.3,3.5,8
3/11/1995,432,973,9.7,0,2.8,13
3/12/1995,419,986,4.1,-2.4,0.4,5
3/13/1995,424,991,2.9,-2.4,0.3,10
3/14/1995,432,1001,8.5,-0.1,3.3,5
3/15/1995,434,1006,4.4,-0.8,0.2,15
3/16/1995,444,1021,9.1,-3.1,0.3,3
3/17/1995,447,1024,11.6,-3.2,1.8,3
3/18/1995,444,1026,3.4,0.8,2.1,18
3/19/1995,447,1044,6.3,-2.2,0,8
3/20/1995,447,1052,5.8,-1.8,1.5,15
3/21/1995,455,1067,7.6,-3.9,-0.8,10
3/22/1995,462,1077,7.9,-5.7,-0.4,3
3/23/1995,462,1080,4.5,-2.8,-0.3,10
3/24/1995,472,1090,1.8,-5.3,-2.6,0
3/25/1995,472,1090,3.2,-7.3,-3.6,0
3/26/1995,472,1090,8.6,-7.1,-1.7,3
3/27/1995,472,1092,8.3,-5.2,0.2,0
3/28/1995,472,1092,9.3,-4.6,0.3,0
3/29/1995,470,1092,11.6,-4.9,1.3,0
3/30/1995,465,1092,13.1,-1.8,3.7,0
3/31/1995,460,1092,16.6,-0.6,5.7,3
4/1/1995,444,1095,3.6,-1.6,1,5
4/2/1995,444,1100,6.8,-3.4,0.6,0
4/3/1995,437,1100,13.4,-1.1,4.2,3
4/4/1995,427,1102,11.8,1.4,4.7,0
4/5/1995,417,1102,10.1,-2.3,2.6,0
4/6/1995,409,1102,6.5,-0.1,1.7,5
4/7/1995,404,1107,8.6,0,2.3,13
4/8/1995,401,1120,3.9,-1.8,-0.2,13
4/9/1995,406,1133,3.9,-2.6,-0.7,0
4/10/1995,404,1133,11.6,-4.6,0.6,3
4/11/1995,406,1135,6,-2.8,0.5,5
4/12/1995,409,1140,5.5,-2.9,2,8
4/13/1995,411,1148,4.2,-2.2,0.7,15
4/14/1995,414,1163,3.1,-4.9,-2.6,0
4/15/1995,411,1163,9.1,-5.5,-1.2,3
4/16/1995,411,1166,10.6,-5.6,0.4,3
4/17/1995,406,1168,11.6,-2.9,2.3,0
4/18/1995,396,1168,2.2,-1.6,0,0
4/19/1995,396,1168,4.6,-4,-1,5
4/20/1995,401,1173,7,-4.7,0,0
4/21/1995,396,1173,10.1,-0.6,1.8,3
4/22/1995,391,1176,14.5,-1.7,4,0
4/23/1995,378,1176,15.9,0.3,5.6,0
4/24/1995,358,1176,14.5,0.3,5.8,0
4/25/1995,340,1176,12.1,-1,4.8,0
4/26/1995,318,1176,14.8,-2.1,4.6,0
4/27/1995,295,1176,11.9,-0.5,5.8,3
4/28/1995,279,1179,6,0.5,3.2,0
4/29/1995,267,1179,9.4,-0.8,2.6,0
4/30/1995,249,1179,8.8,-0.3,3.2,0
5/1/1995,236,1179,10.6,-1.3,4.3,5
5/2/1995,224,1184,5.2,1.9,3.4,23
5/3/1995,211,1206,10.8,0,3.8,0
5/4/1995,193,1206,15.5,-0.3,5.7,3
5/5/1995,170,1209,9.8,1.9,4.9,0
5/6/1995,155,1209,10.7,2.2,4.9,0
5/7/1995,142,1209,13.3,1.5,6.1,3
5/8/1995,122,1212,16.6,2.1,7.2,3
5/9/1995,97,1214,18.8,2.2,8.4,3
5/10/1995,64,1217,13.1,3.7,6.2,0
5/11/1995,46,1217,8.8,0.8,3.6,13
5/12/1995,20,1229,,,,0
5/13/1995,15,1229,14,0.2,5.5,5
5/14/1995,0,1234,19.5,0.4,9.5,3
5/15/1995,0,1237,18.4,4.7,9.8,0
5/16/1995,0,1237,14.8,5.5,8.9,0
5/17/1995,0,1237,10,4.2,6.9,0
5/18/1995,0,1237,12.1,0.4,5.6,0
5/19/1995,0,1237,17.4,0.6,7.8,3
5/20/1995,0,1240,19.5,2.6,10.4,0
5/21/1995,0,1240,17.9,3,9.8,0
5/22/1995,0,1240,17.5,2.5,10,0
5/23/1995,0,1240,19.2,2.3,11.3,0
5/24/1995,0,1240,19.2,4.6,10.9,0
5/25/1995,0,1240,15.7,0.5,8,0
5/26/1995,0,1240,14.4,-0.4,6.4,0
5/27/1995,0,1240,19.7,1.7,10.4,0
5/28/1995,0,1240,23.8,6.3,14.7,3
5/29/1995,0,1242,26.7,8.9,16.9,3
5/30/1995,0,1245,24.7,10.6,17.1,0
5/31/1995,0,1245,24.3,8.5,15.6,0
6/1/1995,0,1245,24.4,9.2,15.4,0
6/2/1995,0,1245,20.2,9.9,13.8,0
6/3/1995,0,1245,17.4,9.6,12.6,0
6/4/1995,0,1245,23.7,7.3,14.4,5
6/5/1995,0,1250,7.4,0.8,3.9,20
6/6/1995,5,1270,2.2,-0.7,0.1,33
6/7/1995,28,1303,12.4,-0.5,5.1,8
6/8/1995,5,1311,13.5,2,6.9,0
6/9/1995,0,1311,16.3,0.6,8.2,0
6/10/1995,0,1311,22.4,2.4,12.7,8
6/11/1995,0,1318,17.3,5.1,9.3,5
6/12/1995,0,1323,21.8,5.1,13.1,3
6/13/1995,0,1326,13.8,6.1,9.2,0
6/14/1995,0,1326,17.5,6.1,9.9,0
6/15/1995,0,1326,17.9,6.1,11,0
6/16/1995,0,1326,15.6,8.3,11.1,3
6/17/1995,0,1328,14,4.7,8.6,20
6/18/1995,0,1349,7.7,4,5.9,3
6/19/1995,0,1351,5.8,3.2,4.3,3
6/20/1995,0,1354,7.5,3.8,5,23
6/21/1995,0,1377,8.7,5.2,7,0
6/22/1995,0,1377,12.7,6.2,8.7,3
6/23/1995,0,1379,23.3,7.5,13.8,5
6/24/1995,0,1384,25.2,9.1,16.6,0
6/25/1995,0,1384,25,11,17.1,0
6/26/1995,0,1384,23.5,9.6,16.5,0
6/27/1995,0,1384,16.2,5.2,10.6,0
6/28/1995,0,1384,20.4,3.7,12.3,0
6/29/1995,0,1384,23.1,6.3,14.7,0
6/30/1995,0,1384,26.9,8.1,16.5,0
7/1/1995,0,1384,27.2,11.4,18.5,0
7/2/1995,0,1384,16.4,9.4,11.7,20
7/3/1995,0,1405,11.8,7.1,9.1,5
7/4/1995,0,1410,17.3,7.2,11,3
7/5/1995,0,1412,21.7,6.9,12.8,3
7/6/1995,0,1415,27.9,8.3,15.5,0
7/7/1995,0,1415,24.4,8.6,14.8,5
7/8/1995,0,1420,27.1,9.8,17.7,3
7/9/1995,0,1422,29.2,12.2,18.9,0
7/10/1995,0,1422,18.1,8.3,11.8,0
7/11/1995,0,1422,19.8,7.9,12.9,3
7/12/1995,0,1425,20.5,7.9,12.6,0
7/13/1995,0,1425,18.6,8.1,12.7,0
7/14/1995,0,1425,22.7,6.9,13.9,0
7/15/1995,0,1425,23.1,9.1,14.9,0
7/16/1995,0,1425,25.4,9.6,15.8,0
7/17/1995,0,1425,28.7,10.9,18.3,3
7/18/1995,0,1427,28.1,12.3,19.2,0
7/19/1995,0,1427,28.6,13.3,18.9,0
7/20/1995,0,1427,25.9,14.1,19.9,0
7/21/1995,0,1427,23.5,12.2,17.7,0
7/22/1995,0,1427,20.6,9.1,14,0
7/23/1995,0,1427,23.7,9.4,15.7,0
7/24/1995,0,1427,21.5,8.1,13.2,0
7/25/1995,0,1427,24.9,9.1,16.4,0
7/26/1995,0,1427,14.7,8.2,11.8,0
7/27/1995,0,1427,21.5,7,12.7,3
7/28/1995,0,1430,27.9,8.6,17.7,3
7/29/1995,0,1433,17.2,6.3,12.4,0
7/30/1995,0,1433,17.3,2.9,9.3,0
7/31/1995,0,1433,22.9,4.9,13.7,0
8/1/1995,0,1433,26.6,9.6,17.5,0
8/2/1995,0,1433,22.8,10.6,16.3,0
8/3/1995,0,1433,25.3,10.2,16.4,0
8/4/1995,0,1433,26.9,11.7,18.4,3
8/5/1995,0,1435,28.2,13.4,19.7,0
8/6/1995,0,1435,23.9,10.9,16,0
8/7/1995,0,1435,11.1,5.7,8.1,25
8/8/1995,0,1460,15,4.4,7,0
8/9/1995,0,1460,22.6,7.6,14,0
8/10/1995,0,1460,25.6,7.1,14.2,0
8/11/1995,0,1460,16.5,7.8,10.1,0
8/12/1995,0,1460,12.4,3.7,8.3,0
8/13/1995,0,1460,16.8,2.7,8,0
8/14/1995,0,1460,22.1,4.7,13,8
8/15/1995,0,1468,13.5,7.3,9.6,13
8/16/1995,0,1481,11,5.6,8.2,0
8/17/1995,0,1481,11.1,3.8,6.3,3
8/18/1995,0,1483,16.1,2.7,8.3,3
8/19/1995,0,1486,21.5,5.2,11.6,0
8/20/1995,0,1486,27.7,7.8,15.7,3
8/21/1995,0,1488,29,10.5,17.5,0
8/22/1995,0,1488,26.4,10.1,15.9,0
8/23/1995,0,1488,27.5,11.9,17.2,0
8/24/1995,0,1488,17.9,4.8,10.1,0
8/25/1995,0,1488,21.8,3.8,11.2,0
8/26/1995,0,1488,21,6.6,12.3,0
8/27/1995,0,1488,23.5,5.4,12.4,0
8/28/1995,0,1488,25.3,9.1,14.8,0
8/29/1995,0,1488,16.3,5.4,9.2,0
8/30/1995,0,1488,21,4.6,10.9,0
8/31/1995,0,1488,25.4,6.4,13.7,0
9/1/1995,0,1488,28.1,10.9,16.7,3
9/2/1995,0,1491,29,11.2,17.4,0
9/3/1995,0,1491,29.9,13,17.8,0
9/4/1995,0,1491,27.3,12.9,18.6,0
9/5/1995,0,1491,19.4,6.3,11.4,0
9/6/1995,0,1491,23.6,5.1,12.7,0
9/7/1995,0,1491,13.9,7,9,5
9/8/1995,0,1496,14.4,6.6,9.3,0
9/9/1995,0,1496,20.1,5.4,10.8,3
9/10/1995,0,1499,20.9,8.2,12.3,0
9/11/1995,0,1499,22.5,9.3,13.8,0
9/12/1995,0,1499,25.1,9.8,14.6,3
9/13/1995,0,1501,25.4,9.2,14.7,0
9/14/1995,0,1501,25.1,10.1,15.1,0
9/15/1995,0,1501,26.1,10.2,15.5,0
9/16/1995,0,1501,26,11.2,15.9,0
9/17/1995,0,1501,23.9,11.1,15.2,0
9/18/1995,0,1501,20.6,7.3,12.4,0
9/19/1995,0,1501,11.4,2.1,7.1,0
9/20/1995,0,1501,13,-1.1,5,0
9/21/1995,0,1501,16.3,-2.8,4.1,0
9/22/1995,0,1501,15.8,2.3,7.7,0
9/23/1995,0,1501,18.9,3.4,9.4,0
9/24/1995,0,1501,20.8,2.6,9.6,0
9/25/1995,0,1501,22.2,6.6,11.5,0
9/26/1995,0,1501,11,4.7,6.9,3
9/27/1995,0,1504,8,5.3,6.6,25
9/28/1995,0,1529,9.8,5.4,6.6,8
9/29/1995,0,1537,6.7,3.3,4.8,5
9/30/1995,0,1542,6.2,0.6,4.8,23
10/1/1995,0,0,8.9,-0.9,2,0
10/2/1995,0,0,6,-0.8,2.9,3
10/3/1995,0,3,6.7,1,4.2,51
10/4/1995,0,53,4.9,-1.1,1.3,0
10/5/1995,0,53,10.5,-2.3,2.3,0
10/6/1995,0,53,10.6,1.3,4.9,0
10/7/1995,0,53,6.7,0.8,3.1,0
10/8/1995,0,53,8,1,3.9,3
10/9/1995,0,56,6,2.5,4.1,0
10/10/1995,0,56,8.3,4.5,6.9,0
10/11/1995,0,56,7.3,1.4,5.2,33
10/12/1995,0,89,3.1,-0.6,0.8,0
10/13/1995,0,89,9.6,-1.2,2.4,5
10/14/1995,0,94,13.4,0.8,5.9,3
10/15/1995,0,97,18.9,5.4,9.6,3
10/16/1995,0,99,10.2,4.7,6.3,3
10/17/1995,0,102,5.3,1.8,4,20
10/18/1995,0,122,5.2,-1.3,1.7,0
10/19/1995,0,122,9.1,-2.2,1.6,0
10/20/1995,0,122,8.3,1.1,3.4,3
10/21/1995,0,124,2.7,-0.7,0.7,0
10/22/1995,0,124,2,-2.6,-0.6,0
10/23/1995,0,124,5.4,-3.1,0.7,0
10/24/1995,0,124,3.9,-0.8,1.8,0
10/25/1995,0,124,5.2,0.1,2.3,25
10/26/1995,0,150,6.7,-1.5,2.6,0
10/27/1995,0,150,3.6,-2.4,0,0
10/28/1995,0,150,4.3,-2.9,-0.1,0
10/29/1995,0,150,2.9,-6.5,-2.7,0
10/30/1995,0,150,2.9,-7.7,-4.6,0
10/31/1995,0,150,-0.4,-8.1,-5.3,0
11/1/1995,0,150,-0.3,-11.2,-7.2,0
11/2/1995,0,150,2.2,-9.6,-5.4,0
11/3/1995,0,150,1.3,-8,-5.1,0
11/4/1995,0,150,2.8,-7.6,-1.6,5
11/5/1995,5,155,-0.4,-2.4,-1.5,8
11/6/1995,13,163,-0.6,-5.3,-2.9,3
11/7/1995,15,165,3.9,-4.1,-0.4,30
11/8/1995,46,196,5.5,2.1,4.4,13
11/9/1995,53,208,1.9,-4.5,-2,0
11/10/1995,53,208,-0.3,-5.1,-3.3,3
11/11/1995,56,211,4.3,-0.9,2.2,41
11/12/1995,53,251,2.1,-0.1,0.7,5
11/13/1995,53,257,7.5,-0.2,2.8,10
11/14/1995,46,267,7.6,2.7,5.4,0
11/15/1995,33,267,8.3,3,5.2,5
11/16/1995,30,272,7.8,2.1,5,0
11/17/1995,20,272,9.8,1.9,6.1,0
11/18/1995,18,272,6.8,0.3,2.8,0
11/19/1995,15,272,4.1,-3,-0.1,0
11/20/1995,15,272,6.9,-2.9,0.9,0
11/21/1995,15,272,8.1,1.7,4.1,3
11/22/1995,15,274,4.6,0.8,3.1,10
11/23/1995,15,284,6.2,3.2,4.7,10
11/24/1995,13,295,6.1,4,5,23
11/25/1995,10,318,5.8,0.3,2.6,8
11/26/1995,8,325,0.4,-1.1,-0.6,20
11/27/1995,28,345,-0.7,-2.2,-1.5,13
11/28/1995,38,358,5.1,-1.6,2.3,43
11/29/1995,51,401,5.3,3.1,4.1,25
11/30/1995,28,427,5.4,2.5,3.2,18
12/1/1995,10,444,3.1,-1.6,0.9,18
12/2/1995,15,462,-1.3,-3.5,-2.2,10
12/3/1995,25,472,1,-3.6,-1.7,10
12/4/1995,36,483,1,-9.3,-5.1,3
12/5/1995,38,485,-2.8,-9.6,-7.4,0
12/6/1995,38,485,-2.8,-10.5,-6.3,0
12/7/1995,38,485,-4.1,-18.4,-8.5,0
12/8/1995,38,485,-8.7,-19.6,-16.1,3
12/9/1995,41,488,-1.6,-15.3,-6.7,20
12/10/1995,58,508,3.8,-1.4,1.4,15
12/11/1995,69,523,3.2,1,2.1,13
12/12/1995,58,536,5.1,0.3,3.4,15
12/13/1995,51,551,3.7,-0.4,0.8,5
12/14/1995,53,556,0.6,-1.1,-0.3,5
12/15/1995,58,561,1.2,-2.5,-1.1,5
12/16/1995,58,566,0,-6.7,-2.8,0
12/17/1995,58,566,-2,-7.6,-6.1,5
12/18/1995,58,572,-1.5,-6.5,-4.7,3
12/19/1995,61,574,0,-4.3,-2.6,0
12/20/1995,61,574,-1.1,-3.6,-2.8,0
12/21/1995,61,574,-1.8,-8.4,-4,0
12/22/1995,64,574,-3.3,-9.3,-7.8,3
12/23/1995,66,577,-3.2,-9.7,-7.8,3
12/24/1995,69,579,-2.5,-8.6,-6.8,3
12/25/1995,74,582,-2.3,-7.5,-6.2,0
12/26/1995,74,582,-3.1,-7.8,-6.7,0
12/27/1995,74,582,-3.4,-8.6,-6.7,3
12/28/1995,76,584,-2.9,-5.8,-4.3,3
12/29/1995,79,587,-0.9,-5.2,-2.1,13
12/30/1995,91,599,0,-1.3,-0.7,20
12/31/1995,112,620,-0.6,-3.3,-1.8,5
1/1/1996,117,625,-0.3,-4.1,-2.6,0
1/2/1996,117,625,1.3,-2.6,-0.4,8
1/3/1996,124,632,1.3,-2.4,-0.2,13
1/4/1996,137,645,-2.5,-7.7,-5.4,10
1/5/1996,147,655,-4.3,-9.3,-6.5,0
1/6/1996,147,655,0.7,-5,-1.8,3
1/7/1996,150,658,1.5,-0.1,0.7,15
1/8/1996,165,673,2,-1.2,0.1,20
1/9/1996,178,693,1.2,-1.4,-0.4,10
1/10/1996,185,704,-0.7,-2.5,-1.6,0
1/11/1996,185,704,3.2,-1.3,-0.3,0
1/12/1996,185,704,2.3,-2,-0.7,0
1/13/1996,183,704,5.3,-2.6,0.5,3
1/14/1996,183,706,3.6,0.3,1.5,15
1/15/1996,188,721,1.9,-0.2,0.8,33
1/16/1996,211,754,0.7,-5.6,-1.4,10
1/17/1996,221,765,-4.3,-14,-10,5
1/18/1996,224,770,-5.7,-14,-9.2,0
1/19/1996,224,770,-4.2,-6.9,-5.9,10
1/20/1996,231,780,-2.1,-6.7,-3.9,25
1/21/1996,254,805,-0.4,-5.2,-3.1,10
1/22/1996,264,815,-5,-7.2,-6.3,5
1/23/1996,269,820,-4.7,-7.1,-5.8,20
1/24/1996,290,841,-4.5,-8.7,-6.6,10
1/25/1996,300,851,-5.9,-9.3,-8.1,3
1/26/1996,302,853,-5.8,-10.7,-8.3,5
1/27/1996,307,859,-3.6,-10.6,-7.2,10
1/28/1996,318,869,-7.2,-11.8,-9.6,13
1/29/1996,330,881,-11,-18.9,-14.5,0
1/30/1996,330,881,-8.5,-22.8,-18.4,0
1/31/1996,330,881,-8.3,-20.6,-17.7,0
2/1/1996,330,881,-9.8,-21.8,-18,0
2/2/1996,330,881,-10.1,-22.8,-18.6,0
2/3/1996,330,881,-4,-19.2,-13,5
2/4/1996,333,886,-0.9,-8.3,-4.4,10
2/5/1996,338,897,2.2,-3.7,0.3,28
2/6/1996,353,925,4.1,0,1.4,41
2/7/1996,373,965,4.1,0,2.1,30
2/8/1996,358,996,4.7,2.6,4,51
2/9/1996,338,1046,4.3,-8.1,-0.8,15
2/10/1996,338,1062,5.5,-9.2,-5,3
2/11/1996,338,1064,8,-5.2,-1.2,0
2/12/1996,338,1064,9.2,-2.3,1.4,0
2/13/1996,338,1064,10.9,0,3,0
2/14/1996,338,1064,9.6,-1.4,1.6,0
2/15/1996,338,1064,8.6,-2.3,1.1,0
2/16/1996,338,1064,11.3,0.2,2.8,0
2/17/1996,335,1064,3.8,0.9,2.4,20
2/18/1996,340,1085,3.8,-0.6,2.3,38
2/19/1996,335,1123,1.3,-3.1,-0.6,13
2/20/1996,348,1135,6.1,-2,0.6,10
2/21/1996,358,1146,3.6,-4.4,-0.3,10
2/22/1996,368,1156,-3.5,-5.6,-5,5
2/23/1996,373,1161,-3.3,-9.6,-5.6,5
2/24/1996,378,1166,-3.6,-10.6,-7,3
2/25/1996,381,1168,-4.2,-17.4,-10.4,0
2/26/1996,381,1168,-7.6,-17.6,-12.6,0
2/27/1996,381,1168,-6.4,-18.9,-13.9,0
2/28/1996,381,1168,-5.3,-20,-14.3,3
2/29/1996,384,1171,3.3,-14.9,-7.7,3
3/1/1996,386,1173,4.6,-11,-5.4,5
3/2/1996,391,1179,7.6,-6.9,-1.9,5
3/3/1996,396,1184,0.8,-4.4,-0.8,18
3/4/1996,414,1201,6.2,-4.7,-0.2,8
3/5/1996,422,1209,-4.3,-9.9,-7.1,0
3/6/1996,422,1209,-1.5,-9.9,-4.1,5
3/7/1996,427,1214,8.8,-2.7,0.3,3
3/8/1996,429,1217,6,-0.1,1.6,0
3/9/1996,429,1217,12.2,0.9,3.5,0
3/10/1996,422,1217,14,1.3,4.4,0
3/11/1996,414,1217,7.2,0.3,2.4,5
3/12/1996,409,1222,4.8,-1.6,1.3,0
3/13/1996,404,1222,11.6,-2.1,1.3,3
3/14/1996,399,1224,12.9,-1.8,2.8,0
3/15/1996,396,1224,4.9,-2,2.2,0
3/16/1996,391,1224,5,-2.8,0,0
3/17/1996,391,1224,8.6,-3.6,0.4,0
3/18/1996,389,1224,11.4,-3.7,1.3,0
3/19/1996,386,1224,12.6,-0.5,3.5,0
3/20/1996,384,1224,7.2,-4.1,0.2,0
3/21/1996,384,1224,10.6,-4.3,1.8,3
3/22/1996,381,1227,3,-1.6,0.5,3
3/23/1996,384,1229,3.6,-4.6,-1.5,8
3/24/1996,391,1237,-3.6,-13.3,-9.8,10
3/25/1996,401,1247,5.4,-16.6,-6.9,0
3/26/1996,401,1247,4.6,-8.4,-2.7,0
3/27/1996,401,1247,2.1,-8.1,-3.6,0
3/28/1996,401,1247,7.3,-9.9,-3.1,0
3/29/1996,401,1247,-0.7,-6.3,-3.6,15
3/30/1996,417,1262,2.8,-5.2,-2.3,8
3/31/1996,422,1270,4.1,-5.3,-0.4,8
4/1/1996,429,1278,8.6,0.4,2.5,20
4/2/1996,411,1298,6.4,-1.8,0.8,0
4/3/1996,404,1298,6.4,-3.5,-0.2,0
4/4/1996,404,1298,11.2,-4,1.5,3
4/5/1996,404,1300,16.6,-1.1,5.7,3
4/6/1996,389,1303,18.1,2.2,5.9,0
4/7/1996,371,1303,16.9,3.6,7.3,0
4/8/1996,351,1303,18.4,3.4,8.1,3
4/9/1996,328,1306,15.9,2.5,6.8,0
4/10/1996,310,1306,3.6,1.8,2.5,13
4/11/1996,305,1318,7.5,-0.2,1.7,5
4/12/1996,300,1323,3,-2.1,-0.5,25
4/13/1996,320,1349,9.6,-1.5,0.7,3
4/14/1996,320,1351,13,-2.8,3.4,3
4/15/1996,315,1354,18.4,0.2,5.3,0
4/16/1996,305,1354,8.6,0,2.8,25
4/17/1996,302,1379,7.8,-2.1,1.4,0
4/18/1996,290,1379,2.9,-2.3,-0.4,8
4/19/1996,292,1387,10.9,-2.2,1.4,8
4/20/1996,297,1394,4.2,-1.8,-0.1,3
4/21/1996,297,1397,9.1,-2,1.4,3
4/22/1996,292,1400,12.1,-2.2,3.6,3
4/23/1996,284,1402,6.2,2.1,4.4,58
4/24/1996,272,1460,4.1,0,1.7,28
4/25/1996,262,1488,6.2,-0.8,1,15
4/26/1996,272,1504,7.3,-2.2,0.3,3
4/27/1996,267,1506,7.8,-3,-0.3,3
4/28/1996,267,1509,12.1,-3.3,3.2,3
4/29/1996,257,1511,12.7,0.8,4.7,0
4/30/1996,244,1511,12.2,-0.3,4.6,0
5/1/1996,226,1511,4.7,-1,1.2,3
5/2/1996,218,1514,6.1,-3.3,0.2,3
5/3/1996,218,1516,7.5,-3.4,-0.5,0
5/4/1996,216,1516,5.7,-3.1,0,3
5/5/1996,213,1519,12.5,-4,2.9,3
5/6/1996,206,1521,11.2,-1.3,3.5,0
5/7/1996,185,1521,9.2,-1.2,2.6,0
5/8/1996,173,1521,9.6,-3.1,1.8,0
5/9/1996,165,1521,11.6,-3.6,2.7,0
5/10/1996,145,1521,11.4,-2.3,4.5,0
5/11/1996,119,1521,11.1,0.6,4.9,10
5/12/1996,107,1532,10.5,3.7,6.1,13
5/13/1996,89,1544,9.5,4.1,6.5,8
5/14/1996,69,1552,11.3,4.3,6.8,28
5/15/1996,43,1580,12.1,3.7,6,18
5/16/1996,23,1598,10.9,3.3,5.9,5
5/17/1996,3,1603,12.3,2.7,5.7,41
5/18/1996,0,1643,10,2.6,4.9,3
5/19/1996,0,1646,9.2,1,3.2,5
5/20/1996,0,1651,10.8,-0.7,4.3,3
5/21/1996,0,1654,12,0.1,5.2,3
5/22/1996,0,1656,7.7,1,3.2,18
5/23/1996,0,1674,7,0.8,3.3,0
5/24/1996,0,1674,15.1,0.8,7.2,5
5/25/1996,0,1679,20.5,1.2,9.9,0
5/26/1996,0,1679,19.9,5.7,11.3,0
5/27/1996,0,1679,16.6,4.1,9.8,0
5/28/1996,0,1679,8.8,2.2,4.8,0
5/29/1996,0,1679,11.9,0,3.9,0
5/30/1996,0,1679,10.5,0.8,4.9,3
5/31/1996,0,1681,15.2,3,7.8,3
6/1/1996,0,1684,19.2,3.7,10.9,0
6/2/1996,0,1684,26,6.8,15.8,8
6/3/1996,0,1692,23.8,10.5,14.7,0
6/4/1996,0,1692,17.7,5.8,12,0
6/5/1996,0,1692,17.3,3.5,9.3,0
6/6/1996,0,1692,25,4.7,14.7,0
6/7/1996,0,1692,29.3,11.5,19.5,0
6/8/1996,0,1692,24,9.8,16.1,0
6/9/1996,0,1692,18,5.6,11.2,0
6/10/1996,0,1692,18.9,2.9,11.2,0
6/11/1996,0,1692,17,4,9.6,0
6/12/1996,0,1692,22.5,3.1,12.5,0
6/13/1996,0,1692,26.8,7.1,15.9,0
6/14/1996,0,1692,23.4,9,15.1,0
6/15/1996,0,1692,25.3,8.5,15.9,0
6/16/1996,0,1692,25.3,6.6,15.1,0
6/17/1996,0,1692,9.2,1.7,5.9,0
6/18/1996,0,1692,9.2,-0.3,3,0
6/19/1996,0,1692,16.9,0.8,7.8,0
6/20/1996,0,1692,17.5,2.4,9.6,0
6/21/1996,0,1692,18.6,5.1,11.4,0
6/22/1996,0,1692,11.9,4.4,7.5,0
6/23/1996,0,1692,11.4,2.6,7.3,0
6/24/1996,0,1692,15,5.1,7.8,0
6/25/1996,0,1692,15.8,4.3,9.2,0
6/26/1996,0,1692,21.2,6.1,12.9,0
6/27/1996,0,1692,15.2,7.8,9.8,0
6/28/1996,0,1692,14.9,5.2,9.6,0
6/29/1996,0,1692,21.2,4,11.6,0
6/30/1996,0,1692,24.9,6.8,15.3,0
7/1/1996,0,1692,26.7,10.4,17.5,0
7/2/1996,0,1692,31.2,11.3,20.4,0
7/3/1996,0,1692,29.5,13,20.3,0
7/4/1996,0,1692,17.5,6.2,12.5,0
7/5/1996,0,1692,17.5,4,9.4,0
7/6/1996,0,1692,21.7,4.3,12.5,0
7/7/1996,0,1692,26.6,6.8,15.9,0
7/8/1996,0,1692,29.2,11,18.8,0
7/9/1996,0,1692,28,13.2,19.8,0
7/10/1996,0,1692,23.2,8.2,14.7,0
7/11/1996,0,1692,26,8.8,16.2,0
7/12/1996,0,1692,27.4,9.8,17.6,0
7/13/1996,0,1692,28.3,11.5,19.1,0
7/14/1996,0,1692,29.8,13,20.4,0
7/15/1996,0,1692,30,15.1,21.3,0
7/16/1996,0,1692,25,10.8,17.5,0
7/17/1996,0,1692,26.4,6,15.5,0
7/18/1996,0,1692,13.9,4,7.3,0
7/19/1996,0,1692,16.3,3.5,8.4,0
7/20/1996,0,1692,16.5,4.5,9.7,0
7/21/1996,0,1692,21.9,6.1,13.1,0
7/22/1996,0,1692,25.9,8.2,16.1,0
7/23/1996,0,1692,29.4,10.9,18.8,0
7/24/1996,0,1692,30.6,12.3,19.9,0
7/25/1996,0,1692,29.7,13.5,20.3,0
7/26/1996,0,1692,31.5,13,20.7,0
7/27/1996,0,1692,31.8,14.7,21.3,0
7/28/1996,0,1692,33.6,15.2,22.6,0
7/29/1996,0,1692,19.5,11.6,15.4,0
7/30/1996,0,1692,23.5,10.8,15.8,5
7/31/1996,0,1697,26.8,11.8,17.6,0
8/1/1996,0,1697,28.5,10.3,17.8,0
8/2/1996,0,1697,16.2,6.7,10.7,0
8/3/1996,0,1697,11.9,4.7,7.4,0
8/4/1996,0,1697,10.3,4.8,7.5,0
8/5/1996,0,1697,9.2,4.9,7,10
8/6/1996,0,1707,16.1,3.7,9.1,0
8/7/1996,0,1707,26.5,6.3,14.9,3
8/8/1996,0,1709,28.9,11.1,18.1,0
8/9/1996,0,1709,28.9,11.7,19.1,3
8/10/1996,0,1712,32.9,14.3,21.7,0
8/11/1996,0,1712,29.9,13.1,21.2,0
8/12/1996,0,1712,25.9,8.9,15.7,0
8/13/1996,0,1712,26.9,9.3,17.1,0
8/14/1996,0,1712,27.2,14.9,18.6,0
8/15/1996,0,1712,27.9,12.4,18.3,0
8/16/1996,0,1712,27.6,11.2,17.4,0
8/17/1996,0,1712,17.4,6.4,11.7,0
8/18/1996,0,1712,17.4,4,9.7,0
8/19/1996,0,1712,23.4,5,12.9,0
8/20/1996,0,1712,16.5,5.3,10.8,0
8/21/1996,0,1712,20.7,5.2,11.2,0
8/22/1996,0,1712,25,6.9,14,0
8/23/1996,0,1712,29.6,10.2,18,0
8/24/1996,0,1712,30.8,12.5,19.1,0
8/25/1996,0,1712,31.9,12.3,19.7,0
8/26/1996,0,1712,32,14.1,20.7,0
8/27/1996,0,1712,26.5,12.5,17.1,3
8/28/1996,0,1714,22.9,10.3,14.4,0
8/29/1996,0,1714,26.9,10.6,17.1,0
8/30/1996,0,1714,27.5,9.2,17.1,0
8/31/1996,0,1714,18,6.4,10.6,0
9/1/1996,0,1714,18.1,4.6,9.6,0
9/2/1996,0,1714,18.6,4.7,10.9,0
9/3/1996,0,1714,20.7,7.2,12.5,0
9/4/1996,0,1714,10.5,3.2,7.4,0
9/5/1996,0,1714,9.1,3.1,5.6,0
9/6/1996,0,1714,16.7,2.6,8.6,0
9/7/1996,0,1714,17.7,7.3,10.3,0
9/8/1996,0,1714,19.9,7,11.6,0
9/9/1996,0,1714,24,7.9,13.5,0
9/10/1996,0,1714,27.3,8.6,15.7,3
9/11/1996,0,1717,32,12.6,20,3
9/12/1996,0,1720,29.1,11.1,18.8,0
9/13/1996,0,1720,19.6,8.2,12.4,0
9/14/1996,0,1720,12.3,5.2,7.5,5
9/15/1996,0,1725,8.4,2.7,5.9,13
9/16/1996,0,1737,7.9,1.6,3.7,0
9/17/1996,0,1737,11.5,1.5,5,0
9/18/1996,0,1737,10.1,3.7,5.6,0
9/19/1996,0,1737,6.2,2.6,4.6,10
9/20/1996,0,1748,8.6,1.8,4.8,0
9/21/1996,0,1748,11.3,-0.3,4.3,5
9/22/1996,0,1753,5.8,-1,1,0
9/23/1996,0,1753,11.4,-2.1,2,0
9/24/1996,0,1753,8.3,-0.9,3.1,0
9/25/1996,0,1753,12.3,-0.9,3.6,3
9/26/1996,0,1755,13.3,-0.1,5,0
9/27/1996,0,1755,19.2,3.5,9.2,5
9/28/1996,0,1760,21.5,7.9,12.4,3
9/29/1996,0,1763,21.5,7.8,12.4,0
9/30/1996,0,1763,20.4,8.3,12.1,0
10/1/1996,0,0,16.1,2.8,7.3,0
10/2/1996,0,0,20.7,3.3,9.8,0
10/3/1996,0,0,19.1,6.9,11.1,0
10/4/1996,0,0,21.4,6.8,12.2,0
10/5/1996,0,0,13.6,4.9,8.4,0
10/6/1996,0,0,14.8,4.5,7.4,0
10/7/1996,0,0,19.5,5.3,10.3,0
10/8/1996,0,0,19.7,6,10.6,0
10/9/1996,0,0,22.1,7.7,12.8,0
10/10/1996,0,0,21.5,7,13.3,0
10/11/1996,0,0,14.7,4.6,8.3,0
10/12/1996,0,0,14.4,4.5,8.2,0
10/13/1996,0,0,11.2,1.7,5.5,5
10/14/1996,0,5,5.7,1.3,2.6,10
10/15/1996,0,15,3.5,-0.4,0.6,10
10/16/1996,8,25,1.4,-4.7,-2.3,0
10/17/1996,8,25,4.3,-6,-0.7,0
10/18/1996,8,25,5,-1.4,0.8,28
10/19/1996,25,53,-1.4,-3.2,-2.4,41
10/20/1996,58,94,-0.7,-6.7,-3.6,0
10/21/1996,58,94,3.2,-7.4,-2.7,5
10/22/1996,58,99,0.7,-1.2,-0.2,15
10/23/1996,69,114,1.4,-1.1,-0.1,5
10/24/1996,74,119,4,-0.7,0.3,15
10/25/1996,86,135,1.5,-3.1,-0.8,13
10/26/1996,97,147,5.9,-5.8,-2.3,0
10/27/1996,97,147,5,-4,-0.9,0
10/28/1996,97,147,6.1,-1.4,1.2,3
10/29/1996,97,150,2.6,-0.9,0.9,3
10/30/1996,94,152,3.1,-6.7,-2.7,0
10/31/1996,89,152,4,-7.1,-3.2,0
11/1/1996,89,152,5.5,-5,-1.6,0
11/2/1996,89,152,7.5,-0.8,1.5,3
11/3/1996,89,155,4.8,-2.2,1,0
11/4/1996,89,155,-0.5,-2.3,-1.4,25
11/5/1996,112,180,-2.2,-3.6,-3.1,3
11/6/1996,114,183,0,-3.7,-2.2,20
11/7/1996,132,203,1,-7.2,-3.3,0
11/8/1996,132,203,3.2,-1.3,0.7,3
11/9/1996,135,206,4.9,-0.1,1.2,0
11/10/1996,135,206,6.7,0.6,2.6,0
11/11/1996,135,206,7.8,1.6,3,0
11/12/1996,135,206,7.4,1.2,3.1,0
11/13/1996,135,206,2.8,0.1,1.7,3
11/14/1996,135,208,0.3,-1.2,-0.5,15
11/15/1996,150,224,0.4,-3,-1.7,10
11/16/1996,157,234,1.1,-3.7,-1.9,10
11/17/1996,168,244,-0.1,-1.8,-1.3,30
11/18/1996,196,274,-1.5,-2.6,-2.1,25
11/19/1996,218,300,3.8,-4.2,-0.2,36
11/20/1996,251,335,-2.3,-8.5,-6.2,3
11/21/1996,254,338,0.4,-9,-3,10
11/22/1996,264,348,1.5,-6.6,-1.8,3
11/23/1996,267,351,-2,-7.4,-5.7,0
11/24/1996,267,351,0.3,-4.7,-1.5,25
11/25/1996,292,376,-0.7,-3.2,-2.3,8
11/26/1996,300,384,-0.8,-5,-3,0
11/27/1996,300,384,0.4,-3.3,-1.3,30
11/28/1996,330,414,0.1,-3.2,-1.2,8
11/29/1996,338,422,-2.6,-5.3,-4.2,0
11/30/1996,338,422,-0.6,-4.4,-2.7,3
12/1/1996,340,424,-0.9,-6,-2.9,20
12/2/1996,361,444,-3.2,-6.4,-5.2,10
12/3/1996,371,455,-4.3,-8.6,-6.4,5
12/4/1996,376,460,-2.4,-10.9,-6.3,28
12/5/1996,404,488,-2.3,-3.5,-3,20
12/6/1996,424,508,-2.7,-3.4,-3.1,18
12/7/1996,442,526,-0.4,-4.7,-2,18
12/8/1996,460,544,0.7,-0.5,0,41
12/9/1996,500,584,0,-1.1,-0.5,8
12/10/1996,508,592,2.3,-2.5,0,15
12/11/1996,523,607,-0.6,-5.5,-3.1,0
12/12/1996,523,607,-0.9,-6,-3,5
12/13/1996,528,612,-1.4,-5.8,-3.3,28
12/14/1996,556,640,-3.2,-8,-5.2,3
12/15/1996,559,643,-3.7,-8.1,-4.8,3
12/16/1996,561,645,-4.4,-11.5,-9.2,0
12/17/1996,561,645,-5.7,-14.1,-11.6,0
12/18/1996,561,645,-6.2,-12.3,-9.2,0
12/19/1996,561,645,-3.4,-11.3,-6.9,8
12/20/1996,569,653,-2,-4.2,-3.2,38
12/21/1996,610,691,-1.7,-5.7,-4,5
12/22/1996,615,696,-1,-7.7,-5.3,0
12/23/1996,615,696,-4,-6.5,-4.9,23
12/24/1996,635,719,-4.7,-6.9,-6,20
12/25/1996,653,739,-6.2,-14.7,-8.7,5
12/26/1996,655,744,-5.3,-15,-9.3,20
12/27/1996,673,765,-1.4,-8.6,-4.5,23
12/28/1996,693,787,-7,-9.8,-8.7,8
12/29/1996,698,795,2.4,-9,-1.7,56
12/30/1996,721,851,2.9,0,1.5,41
12/31/1996,726,892,5.1,0.1,2.6,58
1/1/1997,747,950,5.2,0.8,2.1,15
1/2/1997,752,965,1.8,-0.5,1.1,10
1/3/1997,757,975,0,-4.9,-2.3,8
1/4/1997,759,983,-2.3,-8.3,-5.4,0
1/5/1997,759,983,-3.2,-9,-6,0
1/6/1997,759,983,,,,10
1/7/1997,767,993,-0.7,-3.9,-1.5,15
1/8/1997,777,1008,-0.6,-2.8,-1.5,5
1/9/1997,780,1013,0.1,-1.7,-0.7,10
1/10/1997,787,1024,0.2,-1.2,-0.6,5
1/11/1997,792,1029,-0.9,-16.6,-7.5,0
1/12/1997,792,1029,-9.8,-19.5,-16.5,0
1/13/1997,792,1029,-7.4,-18.5,-14.7,0
1/14/1997,792,1029,-7.6,-15.9,-13.2,0
1/15/1997,792,1029,-4.3,-13.1,-10.7,0
1/16/1997,792,1029,-2.6,-11.5,-7.4,0
1/17/1997,792,1029,0.3,-4,-1.4,13
1/18/1997,805,1041,2.4,-0.2,0.6,15
1/19/1997,818,1057,3.2,-0.8,0.5,5
1/20/1997,823,1062,4.6,-1.8,0.2,3
1/21/1997,826,1064,2.1,-5.3,-2,5
1/22/1997,831,1069,-3,-4.8,-4,13
1/23/1997,843,1082,-4.7,-6.3,-5.6,13
1/24/1997,853,1095,-5.2,-8.2,-6.5,20
1/25/1997,871,1115,-3.3,-11.1,-7.3,0
1/26/1997,871,1115,-4.9,-16.1,-11.3,0
1/27/1997,871,1115,-3.3,-16.5,-9.3,0
1/28/1997,871,1115,-0.2,-3.6,-1.7,5
1/29/1997,876,1120,2.4,-1.7,0.2,8
1/30/1997,884,1128,2.1,0.1,1.1,15
1/31/1997,897,1143,2,-1.4,-0.1,0
2/1/1997,897,1143,-0.2,-2.2,-0.9,20
2/2/1997,914,1163,-0.8,-5.3,-3.2,3
2/3/1997,917,1166,3.6,-10.6,-5.3,0
2/4/1997,917,1166,-0.8,-11.1,-8.2,0
2/5/1997,917,1166,2.7,-10.6,-7.7,0
2/6/1997,917,1166,-3.1,-11.3,-8.9,0
2/7/1997,917,1166,0.8,-11.6,-7.9,0
2/8/1997,917,1166,1.3,-10.5,-7,0
2/9/1997,917,1166,2.7,-7.8,-5.1,0
2/10/1997,917,1166,0.8,-6.2,-3.7,0
2/11/1997,917,1166,3.9,-6.4,-2.1,18
2/12/1997,932,1184,-1.9,-3.9,-3,23
2/13/1997,952,1206,-1.5,-4.6,-3.2,8
2/14/1997,960,1214,1.2,-1.4,0,18
2/15/1997,975,1232,5.2,0.1,1.8,3
2/16/1997,978,1234,11.3,-0.4,3.6,3
2/17/1997,980,1237,5.2,-1.3,0.8,0
2/18/1997,980,1237,4.7,-1.9,-0.2,13
2/19/1997,991,1250,-0.3,-3.5,-1.4,18
2/20/1997,1006,1267,-0.9,-4.7,-3,18
2/21/1997,1024,1285,4.5,-6.4,-2.8,3
2/22/1997,1026,1288,2.8,-7.6,-4.4,0
2/23/1997,1026,1288,5.7,-7.9,-4.6,0
2/24/1997,1026,1288,8,-6.2,-2.2,10
2/25/1997,1034,1298,2.5,-4.6,-1.6,8
2/26/1997,1039,1306,-0.4,-4.3,-2.1,20
2/27/1997,1059,1326,0.6,-9.9,-5.5,0
2/28/1997,1059,1326,-3.4,-10.9,-6.2,0
3/1/1997,1059,1326,-1.6,-5.1,-3.1,23
3/2/1997,1080,1349,-0.6,-3.6,-2.3,3
3/3/1997,1082,1351,-1.5,-5.6,-3.9,5
3/4/1997,1087,1356,-2.9,-6.4,-5.1,10
3/5/1997,1095,1367,4.9,-5.4,-2.2,5
3/6/1997,1097,1372,0.4,-2.8,-1.1,13
3/7/1997,1107,1384,0.7,-6.5,-2.6,13
3/8/1997,1118,1397,2.1,-7.7,-5,0
3/9/1997,1118,1397,-0.9,-6.7,-2.7,18
3/10/1997,1133,1415,-1.9,-4.8,-3.4,10
3/11/1997,1143,1425,6.6,-6.8,-2.4,5
3/12/1997,1146,1430,-0.5,-8.1,-5,8
3/13/1997,1151,1438,-2.1,-14.8,-8.4,10
3/14/1997,1158,1448,5.4,-14.8,-8.3,5
3/15/1997,1163,1453,1.2,-11.5,-3.9,15
3/16/1997,1176,1468,3.5,0.1,1.5,15
3/17/1997,1186,1483,7.1,-0.9,1.3,8
3/18/1997,1186,1491,10.9,0.1,3.3,0
3/19/1997,1181,1491,6.5,1.4,3.1,3
3/20/1997,1173,1494,4.2,-1.9,1.8,15
3/21/1997,1173,1509,9.7,-3.2,1.8,0
3/22/1997,1168,1509,12.1,-3.6,2.3,0
3/23/1997,1163,1509,4.6,-3.9,0.5,0
3/24/1997,1163,1509,10.2,-5.8,0.5,0
3/25/1997,1158,1509,16.2,-1.8,5.4,0
3/26/1997,1146,1509,5.5,-0.7,2.6,20
3/27/1997,1143,1529,0.8,-3.7,-1.8,3
3/28/1997,1143,1532,0.9,-6.3,-2.4,8
3/29/1997,1148,1539,7.2,-6.3,-0.4,0
3/30/1997,1148,1539,10,-2.8,2.6,0
3/31/1997,1143,1539,1.5,-5.6,-2.7,0
4/1/1997,1143,1539,2.4,-5.8,-2.8,5
4/2/1997,1143,1544,10,-6.5,0.3,3
4/3/1997,1140,1547,3.3,-7.8,-1.8,5
4/4/1997,1146,1552,-0.3,-10.5,-5.3,0
4/5/1997,1143,1552,5.5,-9.3,-3.2,0
4/6/1997,1140,1552,9.3,-7.4,-0.2,0
4/7/1997,1133,1552,10.5,-3.7,1.8,0
4/8/1997,1113,1552,3.7,-2.1,0.4,3
4/9/1997,1115,1554,6.4,-4.9,0.1,0
4/10/1997,1102,1554,3.1,-7.9,-4,0
4/11/1997,1100,1554,5.8,-10.4,-3.1,0
4/12/1997,1095,1554,10.8,-6.5,0.9,0
4/13/1997,1082,1554,5.2,-2.3,1.4,23
4/14/1997,1100,1577,4.2,-2.2,0.2,8
4/15/1997,1107,1585,11.1,-0.2,3.1,8
4/16/1997,1113,1593,15.6,1.9,4.9,0
4/17/1997,1100,1593,10.7,-0.3,3.5,0
4/18/1997,1092,1593,7.8,-0.3,2.2,3
4/19/1997,1090,1595,7.7,1.5,3.7,13
4/20/1997,1082,1608,5.7,-1.8,2.8,13
4/21/1997,1059,1621,10.8,-3,1.9,0
4/22/1997,1044,1621,13.2,-1.2,3.1,0
4/23/1997,1044,1621,3.2,-0.2,1.3,20
4/24/1997,1036,1641,4.1,-0.2,1.5,8
4/25/1997,1024,1648,11.4,-1.2,3.2,0
4/26/1997,1013,1648,17.1,-0.1,6.7,0
4/27/1997,1008,1648,6,0.2,2.8,30
4/28/1997,993,1679,8.7,-0.2,2,5
4/29/1997,975,1684,8,-0.7,1.6,8
4/30/1997,968,1692,6.5,-1.3,0.9,18
5/1/1997,980,1709,5.6,-2.3,-0.5,13
5/2/1997,991,1722,12.7,-3.8,3.2,0
5/3/1997,988,1722,14,-0.1,3.8,8
5/4/1997,983,1730,10.9,-0.3,1.9,10
5/5/1997,980,1740,14.5,0.2,5,3
5/6/1997,970,1742,8.7,0.4,3.5,5
5/7/1997,955,1748,13.8,-1.5,3.4,0
5/8/1997,932,1748,17.1,-1.7,6.4,0
5/9/1997,909,1748,19.6,2.8,7.8,3
5/10/1997,874,1750,17.2,3,7.6,0
5/11/1997,843,1750,19.3,2.6,8.2,0
5/12/1997,808,1750,19.3,3.6,8.8,0
5/13/1997,770,1750,18.7,4,8.4,0
5/14/1997,726,1750,17,4.2,7.9,0
5/15/1997,688,1750,16.6,4.8,8.4,0
5/16/1997,650,1750,19.8,4.7,8.9,0
5/17/1997,607,1750,14.7,0.8,6.8,0
5/18/1997,577,1750,16.1,-0.6,5.9,0
5/19/1997,549,1750,18.6,1.8,7.9,0
5/20/1997,511,1750,16,1,6.6,0
5/21/1997,480,1750,16.2,-0.4,6.5,0
5/22/1997,450,1750,17.8,1.4,7.3,0
5/23/1997,417,1750,11.5,1.7,4.3,0
5/24/1997,396,1750,5.3,1.7,2.6,15
5/25/1997,384,1765,7.1,1.6,3.2,10
5/26/1997,368,1775,12.2,1.8,4.1,10
5/27/1997,348,1786,11.6,2.3,5.3,3
5/28/1997,323,1788,14.3,3.3,6,0
5/29/1997,295,1788,14,3.7,6.3,5
5/30/1997,267,1793,14.2,4.8,7.7,0
5/31/1997,229,1793,20,4.9,8.9,20
6/1/1997,188,1814,11.1,2.9,5.6,3
6/2/1997,163,1816,15.3,2.3,6.2,0
6/3/1997,132,1816,11.3,3.5,6.3,0
6/4/1997,104,1816,8.5,3.3,5.4,8
6/5/1997,79,1824,8.2,2.9,4.7,0
6/6/1997,56,1824,11.4,3.2,5.5,0
6/7/1997,30,1824,18.9,3.3,8.7,3
6/8/1997,0,1826,18,3.4,8.8,0
6/9/1997,0,1826,22.6,3.7,11.6,3
6/10/1997,0,1829,22.8,6.7,12.1,0
6/11/1997,0,1829,12.3,5.9,8.2,8
6/12/1997,0,1836,8.1,6,6.8,15
6/13/1997,0,1852,13.7,5.9,9.1,3
6/14/1997,0,1854,21.4,7.7,12.5,3
6/15/1997,0,1857,23.1,9.1,14.7,3
6/16/1997,0,1859,19,9.6,13,0
6/17/1997,0,1859,19.5,8.7,13.2,0
6/18/1997,0,1859,15.1,4.6,9.3,0
6/19/1997,0,1859,13.8,4.5,8.5,0
6/20/1997,0,1859,15.3,3.4,6.8,0
6/21/1997,0,1859,19.8,2.6,8.8,0
6/22/1997,0,1859,14.4,1.7,6.7,0
6/23/1997,0,1859,12.1,1.8,6.3,5
6/24/1997,0,1864,12.3,4.2,7.4,0
6/25/1997,0,1864,23.2,2.7,13.7,3
6/26/1997,0,1867,17.5,5,10.8,0
6/27/1997,0,1867,20.4,4.3,11.6,3
6/28/1997,0,1869,22.9,6,13.7,3
6/29/1997,0,1872,13.3,6.3,8.7,3
6/30/1997,0,1875,15.2,6.1,9.8,8
7/1/1997,0,1882,13.4,5.2,7.3,25
7/2/1997,0,1908,16.7,4.2,8.4,3
7/3/1997,0,1910,22.1,5.6,12.7,3
7/4/1997,0,1913,26.7,8,16.6,3
7/5/1997,0,1915,30.5,10.7,19.5,3
7/6/1997,0,1918,20.6,8.6,12.6,0
7/7/1997,0,1918,20.9,7.6,13.8,0
7/8/1997,0,1918,24.2,9.5,15.4,0
7/9/1997,0,1918,13,6.6,10.9,28
7/10/1997,0,1946,11.9,2.9,6.2,10
7/11/1997,0,1956,16.1,3.2,8.3,5
7/12/1997,0,1961,19.1,5.8,11.3,0
7/13/1997,0,1961,23.7,8.2,15.1,0
7/14/1997,0,1961,25.3,10.2,16.8,0
7/15/1997,0,1961,24.4,10.7,17,0
7/16/1997,0,1961,25.9,10,16.9,0
7/17/1997,0,1961,21.7,11.5,14.9,0
7/18/1997,0,1961,23.5,9.8,15.2,3
7/19/1997,0,1963,21.5,10,14,8
7/20/1997,0,1971,23,9.7,14.8,0
7/21/1997,0,1971,30.7,11.7,18.9,3
7/22/1997,0,1974,22.8,8.6,14.8,0
7/23/1997,0,1974,22.8,8.5,15.1,0
7/24/1997,0,1974,23.5,9.3,15.4,0
7/25/1997,0,1974,21.2,8.4,13.7,0
7/26/1997,0,1974,23.1,7.3,14.2,0
7/27/1997,0,1974,26,8.8,16.2,0
7/28/1997,0,1974,29.9,11.2,19.2,3
7/29/1997,0,1976,23,13.4,16.9,0
7/30/1997,0,1976,22.1,11.2,14.6,0
7/31/1997,0,1976,27.4,9.7,17.9,3
8/1/1997,0,1979,27.7,10.6,18.3,0
8/2/1997,0,1979,27.6,10.3,17.7,0
8/3/1997,0,1979,32.8,12.4,20.8,0
8/4/1997,0,1979,29.3,15.6,21.1,3
8/5/1997,0,1981,29.4,15,20.3,0
8/6/1997,0,1981,30.8,12.6,20.7,0
8/7/1997,0,1981,24.9,12.5,18.8,0
8/8/1997,0,1981,18.5,6.9,12.3,0
8/9/1997,0,1981,19.6,5.6,12.1,0
8/10/1997,0,1981,23.9,4.2,12.8,0
8/11/1997,0,1981,26.1,9.6,16.2,0
8/12/1997,0,1981,27,10.7,17.5,0
8/13/1997,0,1981,25.5,11.2,17.6,0
8/14/1997,0,1981,27.6,14.6,20,0
8/15/1997,0,1981,22.1,9.8,15.1,0
8/16/1997,0,1981,21.7,8.2,13.3,0
8/17/1997,0,1981,24.6,7.2,14.4,0
8/18/1997,0,1981,24.5,10.6,15.5,0
8/19/1997,0,1981,26.7,10.4,16.5,0
8/20/1997,0,1981,26.9,12,17.2,0
8/21/1997,0,1981,26.9,8.3,15.9,0
8/22/1997,0,1981,29.6,11.7,18.3,0
8/23/1997,0,1981,26.3,12.4,17.7,0
8/24/1997,0,1981,15.5,6.9,10.7,15
8/25/1997,0,1996,20.1,6.5,12.7,3
8/26/1997,0,1999,28.7,9.5,17,0
8/27/1997,0,1999,21.2,7.1,11.9,0
8/28/1997,0,1999,16.9,7,10.3,0
8/29/1997,0,1999,20.9,6.5,11.6,0
8/30/1997,0,1999,25.4,8.2,14.6,0
8/31/1997,0,1999,24.6,10.9,15.7,3
9/1/1997,0,2002,29.7,11.5,18.1,0
9/2/1997,0,2002,27.7,12.8,17.7,0
9/3/1997,0,2002,15.4,8.6,12.1,8
9/4/1997,0,2009,23,8.6,12.9,0
9/5/1997,0,2009,25.2,9.2,14.7,0
9/6/1997,0,2009,17.6,5.8,10.2,0
9/7/1997,0,2009,23.3,5.7,11.6,0
9/8/1997,0,2009,24.9,7.2,13.5,3
9/9/1997,0,2012,26.8,9.6,15.7,0
9/10/1997,0,2012,23,12.1,14.5,0
9/11/1997,0,2012,15.3,8,11,3
9/12/1997,0,2014,15.6,5,8.5,0
9/13/1997,0,2014,18.7,3.5,9.9,0
9/14/1997,0,2014,22.1,6.3,12.4,8
9/15/1997,0,2022,8.6,4.5,6,28
9/16/1997,0,2050,8.7,3.9,5.7,10
9/17/1997,0,2060,9,3.5,5.6,20
9/18/1997,0,2080,7.5,2,4.9,5
9/19/1997,0,2085,14.6,1.2,5.7,3
9/20/1997,0,2088,18.7,2.1,7.7,0
9/21/1997,0,2088,20.6,5,10.2,0
9/22/1997,0,2088,21.8,6.4,11.5,3
9/23/1997,0,2090,23.9,9.2,13.6,0
9/24/1997,0,2090,25.2,9.9,14.3,0
9/25/1997,0,2090,25.1,10.8,16.2,3
9/26/1997,0,2093,16.2,5,9.5,0
9/27/1997,0,2093,8.1,2.6,5.1,0
9/28/1997,0,2093,16.7,2.5,8.4,0
9/29/1997,0,2093,21.4,5.5,11,3
9/30/1997,0,2096,19.9,8,12.8,0
10/1/1997,0,0,21.7,7.9,13.8,0
10/2/1997,0,0,9.3,3.6,6,3
10/3/1997,0,3,7.5,2.5,5.4,3
10/4/1997,0,5,7.2,4.9,5.9,5
10/5/1997,0,10,5,-0.2,2.8,23
10/6/1997,0,33,7.8,-1.2,2.1,0
10/7/1997,0,33,4.2,-1.3,1,0
10/8/1997,0,33,8.9,-2.6,3.5,3
10/9/1997,0,36,7.8,-0.8,2.3,13
10/10/1997,0,48,7.4,-1.2,1.7,0
10/11/1997,0,48,1,-2.1,-0.3,10
10/12/1997,8,58,3.5,-3.9,-1,0
10/13/1997,8,58,6.4,0.2,2.4,3
10/14/1997,5,61,12.3,2.2,5.1,3
10/15/1997,0,64,15.8,2,7,0
10/16/1997,0,64,17.3,6.3,9.4,0
10/17/1997,0,64,16.6,5,8.4,0
10/18/1997,0,64,10.4,1.6,4.5,0
10/19/1997,0,64,13.9,1.2,3.9,0
10/20/1997,0,64,11,-0.2,3,0
10/21/1997,0,64,11.7,0.6,3.6,0
10/22/1997,0,64,8.1,1.1,3.5,0
10/23/1997,0,64,2.7,-2.5,0,0
10/24/1997,0,64,4.5,-3.8,-1.3,0
10/25/1997,0,64,7,-3.9,0.6,0
10/26/1997,0,64,10,-1.3,4,0
10/27/1997,0,64,2.8,-0.5,1.1,10
10/28/1997,0,74,4.7,-0.4,2,5
10/29/1997,0,79,4.4,1.8,3,28
10/30/1997,0,107,6.2,1.3,3.7,43
10/31/1997,0,150,3.9,1.8,2.6,0
11/1/1997,0,150,5,-1.4,1.3,0
11/2/1997,0,150,6.2,-2.4,1.5,3
11/3/1997,0,152,8.7,3.2,5.8,0
11/4/1997,0,152,10.6,1.9,4.9,0
11/5/1997,0,152,13,2.4,5.7,3
11/6/1997,0,155,13,3.7,7.5,0
11/7/1997,0,155,6.6,2.3,5,5
11/8/1997,0,160,2.7,-2.8,0.1,0
11/9/1997,0,160,3.8,-3.6,-1.6,0
11/10/1997,0,160,3.8,-5.1,-2.6,0
11/11/1997,0,160,3.6,-6.3,-3.2,0
11/12/1997,0,160,4.4,-3.9,-1.6,0
11/13/1997,0,160,6.3,-4.8,-2.1,0
11/14/1997,0,160,3.4,-6.5,-3.4,0
11/15/1997,0,160,6.1,-3.8,-1.1,0
11/16/1997,0,160,4.6,-3.3,-0.3,3
11/17/1997,0,163,0.4,-0.8,-0.2,10
11/18/1997,10,173,2,-1.9,-0.3,0
11/19/1997,10,173,0.4,-1.6,-0.4,20
11/20/1997,28,193,0.5,-1.2,-0.3,36
11/21/1997,61,229,0.2,-2.4,-1,3
11/22/1997,64,231,0.9,-4.7,-2.8,0
11/23/1997,61,231,2.4,-2.1,0.5,13
11/24/1997,69,244,2.3,-1.2,0.8,3
11/25/1997,66,246,-0.4,-5,-1.8,10
11/26/1997,76,257,-0.4,-6.1,-3,0
11/27/1997,76,257,0.6,-3.9,-1.2,3
11/28/1997,79,259,1.6,-1.6,-0.1,0
11/29/1997,79,259,2.7,-1,0.4,0
11/30/1997,79,259,0.8,-1.6,-0.4,8
12/1/1997,84,267,1.9,-6.2,-2.1,0
12/2/1997,76,267,-1.3,-7.8,-5.5,0
12/3/1997,76,267,-1.5,-7.2,-5.5,0
12/4/1997,76,267,-1.6,-6.9,-5.3,0
12/5/1997,76,267,-1.3,-7,-5.5,0
12/6/1997,76,267,1.2,-6.6,-4.2,0
12/7/1997,76,267,2.8,-4.5,-1.2,3
12/8/1997,79,269,-0.5,-5.4,-4,3
12/9/1997,81,272,-4.5,-7.5,-5.7,0
12/10/1997,81,272,-2.2,-6.8,-4.5,3
12/11/1997,84,274,0.5,-5.2,-3.5,0
12/12/1997,84,274,-0.5,-5.4,-3.8,0
12/13/1997,84,274,5.8,-6.1,-1.6,3
12/14/1997,86,277,5.4,-1.4,1.7,5
12/15/1997,91,282,-0.2,-4.3,-2.1,5
12/16/1997,94,287,1.2,-1.4,0,25
12/17/1997,109,312,0.1,-2.7,-0.9,5
12/18/1997,114,318,-2.7,-7.9,-4.8,0
12/19/1997,114,318,-2.3,-8.7,-5.9,0
12/20/1997,114,318,0.4,-4.9,-3.9,8
12/21/1997,119,325,-3.6,-8.3,-5.1,5
12/22/1997,122,330,-5.9,-12.2,-9.9,0
12/23/1997,122,330,-5.4,-8.5,-6.7,3
12/24/1997,124,333,-4.1,-6.9,-5.9,0
12/25/1997,124,333,-6,-7.8,-6.9,0
12/26/1997,124,333,-3.7,-7.8,-5.9,5
12/27/1997,127,338,-2.9,-6.6,-5.1,3
12/28/1997,130,340,1,-4.1,-2,18
12/29/1997,142,358,3.3,-0.9,1.4,0
12/30/1997,142,358,1.4,-2.4,-1,0
12/31/1997,142,358,5.3,-2.5,0.9,0
1/1/1998,142,358,5,-0.2,2.3,5
1/2/1998,145,363,-0.2,-9.9,-5.2,10
1/3/1998,152,373,-1.9,-8.1,-4,5
1/4/1998,155,378,0.2,-5,-2.3,8
1/5/1998,163,386,-3,-3.9,-3.5,8
1/6/1998,168,394,-1.9,-4.9,-3.5,0
1/7/1998,168,394,-1.7,-7.1,-4,13
1/8/1998,178,406,-4.3,-13.8,-8,5
1/9/1998,180,411,-4.9,-15.7,-11.2,0
1/10/1998,180,411,-6,-16,-10.3,0
1/11/1998,180,411,-14.2,-23,-19.7,0
1/12/1998,180,411,-3.1,-19.3,-10.7,5
1/13/1998,185,417,-1.6,-7.2,-3.6,23
1/14/1998,208,439,-0.5,-2.8,-1.4,20
1/15/1998,229,460,-1.4,-4.8,-2.6,0
1/16/1998,229,460,-0.8,-6.1,-2.7,5
1/17/1998,234,465,0.3,-0.9,-0.3,20
1/18/1998,254,485,1.8,-2.6,-0.5,0
1/19/1998,254,485,0.5,-1.8,-1,33
1/20/1998,284,518,-0.7,-2.6,-2.1,0
1/21/1998,284,518,0.1,-3.6,-2.2,8
1/22/1998,292,526,-0.2,-5.5,-2.9,5
1/23/1998,297,531,1.3,-4.4,-0.5,13
1/24/1998,310,544,0.6,-0.6,0,5
1/25/1998,315,549,4.7,-0.9,0,10
1/26/1998,325,559,3.8,-0.3,1.2,3
1/27/1998,328,561,1,-1.9,-0.6,18
1/28/1998,345,579,2.9,-4.1,-1.6,0
1/29/1998,345,579,3.2,-1,0.6,3
1/30/1998,348,582,1,-3.9,-0.7,3
1/31/1998,351,584,3.3,-4.6,-2.6,0
2/1/1998,351,584,6.3,-5.1,-1.8,0
2/2/1998,351,584,3.5,-2.9,-0.4,5
2/3/1998,356,589,9.2,-3.4,1.8,3
2/4/1998,358,592,6.8,0,2.4,0
2/5/1998,358,592,8.4,-2.4,0.6,0
2/6/1998,358,592,8,-1.9,2.1,0
2/7/1998,358,592,8.3,-0.9,2.3,0
2/8/1998,358,592,4.4,-1.6,1,5
2/9/1998,363,597,0.7,-6,-2.4,0
2/10/1998,363,597,1.9,-6.4,-2.3,5
2/11/1998,368,602,1.2,-3.5,-1.4,8
2/12/1998,376,610,0.6,-3.1,-1,8
2/13/1998,384,617,-0.2,-5.3,-1.8,13
2/14/1998,394,630,3.3,-5.5,-1.7,3
2/15/1998,396,632,0.1,-2,-1.2,8
2/16/1998,404,640,3.7,-5.1,-1.9,0
2/17/1998,404,640,4.1,-5.5,-2.1,0
2/18/1998,404,640,6.6,-4.1,-1.1,0
2/19/1998,404,640,7.5,-3.1,0.6,0
2/20/1998,404,640,7.7,-2.6,1.8,3
2/21/1998,406,643,0.7,-1.6,-0.4,15
2/22/1998,419,658,2.8,-4.6,-2.3,5
2/23/1998,424,663,6.7,-5.4,-1.8,5
2/24/1998,429,668,0.2,-7,-4.5,0
2/25/1998,429,668,2.3,-8.2,-4.1,0
2/26/1998,429,668,-2.5,-8.6,-5.2,3
2/27/1998,432,671,3.2,-9.7,-5.9,8
2/28/1998,439,678,2.9,-10.2,-4.1,3
3/1/1998,442,681,3.3,-2.5,0,3
3/2/1998,444,683,2.3,-1.7,0,18
3/3/1998,462,701,-0.1,-5.1,-3.2,3
3/4/1998,465,704,1.8,-8.2,-4.3,3
3/5/1998,467,706,1.2,-8.7,-4.6,0
3/6/1998,467,706,-3.1,-13.2,-9,0
3/7/1998,467,706,3.3,-12.7,-6.3,0
3/8/1998,467,706,-0.8,-8.4,-4,10
3/9/1998,478,716,1.9,-3.1,-1,20
3/10/1998,495,737,6.6,-1.1,0.9,3
3/11/1998,498,739,8,-0.3,1.9,3
3/12/1998,500,742,15.1,-0.6,3.7,0
3/13/1998,500,742,12.6,1.1,4.3,0
3/14/1998,495,742,9.9,0.7,3.1,0
3/15/1998,490,742,11.2,0.8,3.1,0
3/16/1998,490,742,3.6,-3,-0.2,20
3/17/1998,498,762,0,-6.8,-2.8,3
3/18/1998,500,765,6.4,-8.4,-2.9,0
3/19/1998,500,765,9.5,-5.8,-0.7,3
3/20/1998,500,767,12.7,-2.7,2.8,0
3/21/1998,498,767,13.2,0.9,3.8,0
3/22/1998,490,767,5.8,1.2,3.3,5
3/23/1998,483,772,4.9,0.6,2.5,18
3/24/1998,488,790,11.1,-0.9,2.9,0
3/25/1998,462,790,6.8,-0.2,2.4,5
3/26/1998,465,795,1.2,-2.3,-0.7,15
3/27/1998,472,810,4.2,-7.7,-3.3,0
3/28/1998,472,810,5.8,-9.1,-3.6,0
3/29/1998,472,810,9.8,-9.4,-1.9,0
3/30/1998,472,810,9.5,-5.3,0.6,3
3/31/1998,470,813,10.9,-3.2,2,0
4/1/1998,465,813,10.5,-2.8,1.9,0
4/2/1998,457,813,8.3,-2.3,1.5,0
4/3/1998,447,813,12.6,-1.4,3.5,0
4/4/1998,444,813,3.7,0.8,1.7,3
4/5/1998,437,815,2.5,-0.2,0.6,10
4/6/1998,437,826,6.9,-1.1,0.9,3
4/7/1998,432,828,7.2,-0.7,1.6,3
4/8/1998,429,831,7.5,-3.3,0.3,0
4/9/1998,427,831,8,-3.3,1.2,3
4/10/1998,424,833,9.8,-1.5,2.1,8
4/11/1998,424,841,9.2,-1.3,1.8,10
4/12/1998,422,851,5.6,-3.9,-1.3,0
4/13/1998,417,851,10.1,-5.9,0.9,3
4/14/1998,414,853,3.9,-2,0.3,0
4/15/1998,411,853,5.8,-1.6,1,0
4/16/1998,406,853,5.9,-1.5,1.5,0
4/17/1998,404,853,8.7,-1.4,1.7,0
4/18/1998,399,853,12,-2,3.8,3
4/19/1998,389,856,12.8,-0.9,3.2,0
4/20/1998,376,856,16.6,-1.6,5.7,3
4/21/1998,356,859,19.2,2.3,7.7,0
4/22/1998,330,859,21.1,3.5,7.6,3
4/23/1998,307,861,17.5,2.8,6.8,13
4/24/1998,284,874,3.2,-1.6,0.5,8
4/25/1998,274,881,7.1,-3.5,0.4,0
4/26/1998,272,881,13.5,-2.1,4.2,3
4/27/1998,257,884,16.4,0,6.1,3
4/28/1998,236,886,19.4,2,7.8,0
4/29/1998,213,886,20.6,2.7,8.7,0
4/30/1998,188,886,22.2,4.2,9.6,0
5/1/1998,165,886,22.4,3.7,10.9,3
5/2/1998,135,889,23.6,5.6,11.4,0
5/3/1998,104,889,18.7,4,9.7,0
5/4/1998,71,889,20.9,4.4,10.2,0
5/5/1998,46,889,22.1,5.9,12.1,0
5/6/1998,5,889,23.2,6.5,13,3
5/7/1998,0,892,20.6,6.2,11.8,0
5/8/1998,0,892,19.7,5.1,10.7,0
5/9/1998,0,892,13.9,4.2,7.2,0
5/10/1998,0,892,18.6,4.8,10.5,0
5/11/1998,0,892,15.7,2.8,7.9,0
5/12/1998,0,892,18.9,4.5,9.9,0
5/13/1998,0,892,10.1,5.2,6.8,8
5/14/1998,0,899,5.3,0,1.5,15
5/15/1998,0,914,7.8,-1.5,1.7,5
5/16/1998,0,919,14.7,-1.8,5.8,5
5/17/1998,0,925,4,0.3,1.8,36
5/18/1998,0,960,10.9,0.4,3.8,5
5/19/1998,0,965,18.4,0.3,8,5
5/20/1998,0,970,22.2,3.6,10.2,23
5/21/1998,0,993,6.5,4.7,5.4,20
5/22/1998,0,1013,4.7,3.2,3.6,23
5/23/1998,0,1036,7.8,3.1,4.8,3
5/24/1998,0,1039,15.3,4.1,8.8,3
5/25/1998,0,1041,8.9,2.5,5.6,0
5/26/1998,0,1041,4.3,-0.2,2.2,28
5/27/1998,0,1069,8.9,-0.3,1.9,10
5/28/1998,0,1080,16.6,-0.4,6.9,3
5/29/1998,0,1082,17.5,3.6,8,0
5/30/1998,0,1082,13.4,5,7.3,3
5/31/1998,0,1085,15.8,4.8,9.9,0
6/1/1998,0,1085,17.7,5.7,11.9,0
6/2/1998,0,1085,16.5,4.3,9.8,0
6/3/1998,0,1085,16.9,2,9.6,0
6/4/1998,0,1085,18.8,2.6,10.2,0
6/5/1998,0,1085,13.8,5.2,8.7,0
6/6/1998,0,1085,16.3,4.7,8.7,3
6/7/1998,0,1087,17.5,4.1,9.5,3
6/8/1998,0,1090,16.9,5.9,10.4,0
6/9/1998,0,1090,20.7,5.5,13.7,3
6/10/1998,0,1092,19.5,8.9,12.4,0
6/11/1998,0,1092,19.1,7.5,12.8,0
6/12/1998,0,1092,22.5,9.7,15.1,0
6/13/1998,0,1092,17.4,6.8,12.2,0
6/14/1998,0,1092,17.8,5.5,11,0
6/15/1998,0,1092,13.7,3.7,7.4,23
6/16/1998,0,1115,10,2,5.1,0
6/17/1998,0,1115,17.7,4.3,10.2,3
6/18/1998,0,1118,17.9,6.1,11.1,0
6/19/1998,0,1118,10.7,5.2,6.9,5
6/20/1998,0,1123,19.4,4.7,10.2,3
6/21/1998,0,1125,22.5,6.3,14.1,3
6/22/1998,0,1128,19.5,8.7,12.1,0
6/23/1998,0,1128,19.8,8.3,12.6,3
6/24/1998,0,1130,12.5,6.7,9.3,0
6/25/1998,0,1130,13.8,4.9,8.5,0
6/26/1998,0,1130,9.4,3.7,6,3
6/27/1998,0,1133,16.6,4.5,8.7,3
6/28/1998,0,1135,22.4,4.9,13,3
6/29/1998,0,1138,24.5,8.2,15.2,3
6/30/1998,0,1140,27.4,11,18.7,3
7/1/1998,0,1143,23.2,9.9,14.6,3
7/2/1998,0,1146,27.7,9.4,17.6,5
7/3/1998,0,1151,23.2,10.2,16,3
7/4/1998,0,1153,22.1,9.7,15.6,0
7/5/1998,0,1153,21.3,10,14.4,0
7/6/1998,0,1153,24.7,10.3,15.7,0
7/7/1998,0,1153,28.2,11.5,18.9,0
7/8/1998,0,1153,27.8,12.3,18.2,5
7/9/1998,0,1158,30.9,12.8,20.7,0
7/10/1998,0,1158,25.9,11.4,17.9,0
7/11/1998,0,1158,20.1,9,13.6,18
7/12/1998,0,1176,20.3,7.5,12.9,0
7/13/1998,0,1176,20.5,8.4,13.9,0
7/14/1998,0,1176,24.8,9.1,15.9,0
7/15/1998,0,1176,27.9,11.5,18.8,0
7/16/1998,0,1176,29.6,13,20.2,0
7/17/1998,0,1176,33.3,14.3,22.5,0
7/18/1998,0,1176,28.5,14.5,20.1,0
7/19/1998,0,1176,25.5,12.1,18.3,0
7/20/1998,0,1176,26.7,11.4,17.7,0
7/21/1998,0,1176,28.6,11.9,19.1,0
7/22/1998,0,1176,30.9,12.7,19.9,3
7/23/1998,0,1179,29.1,14.4,20.6,0
7/24/1998,0,1179,27.1,15.5,18.6,0
7/25/1998,0,1179,31,14.9,21.4,0
7/26/1998,0,1179,33.3,16.2,23.2,0
7/27/1998,0,1179,33.1,18.5,23.9,0
7/28/1998,0,1179,29.2,16.3,20.7,0
7/29/1998,0,1179,29.6,12.6,17.9,0
7/30/1998,0,1179,28,13.2,19.1,5
7/31/1998,0,1184,23.5,11.6,15.7,0
8/1/1998,0,1184,15.5,11.7,13.1,0
8/2/1998,0,1184,25.9,11.9,17.5,0
8/3/1998,0,1184,30.5,12.9,20.6,0
8/4/1998,0,1184,32.8,14.2,22,0
8/5/1998,0,1184,34.2,16.7,23.5,0
8/6/1998,0,1184,27.9,12.8,19.9,0
8/7/1998,0,1184,23.9,10.2,15.9,0
8/8/1998,0,1184,26.2,8.7,16.5,0
8/9/1998,0,1184,30.6,11.6,19.4,0
8/10/1998,0,1184,29.4,14.8,20,0
8/11/1998,0,1184,29.1,12.5,19.6,0
8/12/1998,0,1184,29.6,13.1,19.9,0
8/13/1998,0,1184,31.2,14.4,21.1,0
8/14/1998,0,1184,30.6,15.6,21.8,0
8/15/1998,0,1184,25.8,9.8,17.4,0
8/16/1998,0,1184,19,6.6,11.1,0
8/17/1998,0,1184,19.3,5.4,10.2,0
8/18/1998,0,1184,20,5.6,10.9,0
8/19/1998,0,1184,24.4,5.7,13.6,0
8/20/1998,0,1184,29.3,10.1,17.9,0
8/21/1998,0,1184,26.7,10.4,17.1,0
8/22/1998,0,1184,24.1,10.6,15.3,0
8/23/1998,0,1184,13.4,8.4,10.7,0
8/24/1998,0,1184,21,6.8,11.3,0
8/25/1998,0,1184,25,7,14.6,0
8/26/1998,0,1184,21.3,9.3,13.5,0
8/27/1998,0,1184,25,8.7,15.1,0
8/28/1998,0,1184,31.1,11.5,19.4,0
8/29/1998,0,1184,30,15.2,20.2,0
8/30/1998,0,1184,30.1,13.5,19.4,0
8/31/1998,0,1184,32.4,13.7,20.2,0
9/1/1998,0,1184,31.6,15.1,21.1,3
9/2/1998,0,1186,30.7,14.8,20.3,0
9/3/1998,0,1186,32.8,13.8,21.2,0
9/4/1998,0,1186,31.9,14.2,21,0
9/5/1998,0,1186,32.3,14.8,20.7,0
9/6/1998,0,1186,31.6,14.3,20.4,0
9/7/1998,0,1186,27.8,13.5,19.5,0
9/8/1998,0,1186,24.9,11.6,16.7,5
9/9/1998,0,1191,13.4,8.8,10.9,8
9/10/1998,0,1199,15.6,7.2,10.2,0
9/11/1998,0,1199,21.4,5.9,11.4,0
9/12/1998,0,1199,23.5,7.5,13.7,0
9/13/1998,0,1199,23.3,10.1,14.4,0
9/14/1998,0,1199,26,9.6,16,0
9/15/1998,0,1199,30.3,13.2,19.3,0
9/16/1998,0,1199,28,11.9,17.5,0
9/17/1998,0,1199,27,8.7,16.6,0
9/18/1998,0,1199,14.4,6.6,8.9,8
9/19/1998,0,1206,10,5.6,6.7,5
9/20/1998,0,1212,13,4,7,0
9/21/1998,0,1212,18.4,2.9,7.6,0
9/22/1998,0,1212,20.4,4.7,10.5,3
9/23/1998,0,1214,21.5,6.4,11.4,0
9/24/1998,0,1214,19,7.2,11.2,0
9/25/1998,0,1214,9.5,4.2,7.1,43
9/26/1998,0,1257,15.1,4,7,0
9/27/1998,0,1257,18.2,4.7,8.8,0
9/28/1998,0,1257,20,5.6,10.4,0
9/29/1998,0,1257,19.9,6.3,10.7,0
9/30/1998,0,1257,21.1,6.3,10.9,3
